y_true,y_pred
Geometria Espacial e Sólidos,Geometria Espacial e Sólidos
Termologia,Termodinâmica
Álgebra e Equações,Álgebra e Equações
Genética,Doenças Genéticas e Síndromes
Química Orgânica,Química Orgânica
Brasil Império,Brasil República
Zoologia,Fisiologia
Geometria Plana,Geometria Plana
Geometria Analítica,Geometria Analítica
Cidadania e Política,Filosofia Temática
Grécia Antiga,Grécia Antiga
Estática,Dinâmica
"Razão, Proporção e Porcentagem",Funções
América Latina Contemporânea,Brasil Império
Geografia Econômica,Geografia Econômica
Fisiologia,Fisiologia
Parnasianismo e Simbolismo,Arcadismo
Gases,Gases
Brasil Império,Brasil Império
Genética,Genética
Físico-Química,Bioquímica
Gramática,Interpretação
Roma Antiga,Roma Antiga
Brasil República,Brasil República
Zoologia,Zoologia
Botânica,Botânica
Eletricidade,Eletricidade
Brasil República,Brasil República
Música e Dança,Música e Dança
Termologia,Termologia
Citologia,Histologia
Química Orgânica,Química Orgânica
Arte do Renascimento ao Romantismo,Brasil Colônia
Protozooses,Protistas
Brasil Colônia,Brasil Colônia
Botânica,Botânica
Ecologia,Bioquímica
Colonização e Independência das Américas,Colonização e Independência das Américas
Brasil Império,Brasil Império
Álgebra e Equações,Álgebra e Equações
Física Moderna,Física Moderna
Arcadismo,Literatura Medieval
Aritmética e Matemática Básica,Aritmética e Matemática Básica
Sociolinguística,Estilística
Gases,Química Geral
Análise Combinatória e Probabilidade,Análise Combinatória e Probabilidade
Dinâmica,Cinemática
Revoluções Industriais,Revoluções Industriais
Geometria Plana,Geometria Espacial e Sólidos
Trabalho e Sociedade,Trabalho e Sociedade
Ecologia,Ecologia
"Razão, Proporção e Porcentagem","Razão, Proporção e Porcentagem"
Idade Antiga Oriental,Idade Antiga Oriental
Linguagens Artísticas,Linguagens Artísticas
Brasil Colônia,Brasil Colônia
Filosofia Temática,Educação Física
Brasil República,Brasil República
Filosofia Temática,Cidadania e Política
Genética,Genética
Ligações Químicas,Química Geral
Eletricidade,Eletricidade
Idade Média,Idade Média
Inglês,Inglês
Eletricidade,Eletricidade
Geometria Plana,Estatística e Interpretação de Gráficos
Dinâmica,Dinâmica
Evolução,Evolução
Literatura Africana,Literatura Africana
População e Dinâmica Demográfica,Desigualdade e Exclusão Social
Modernismo,Modernismo
"Razão, Proporção e Porcentagem","Razão, Proporção e Porcentagem"
Filosofia Temática,Filosofia Moderna
Ecologia,Termodinâmica
Geografia Física,Geografia Física
Cinemática,Cinemática
Físico-Química,Físico-Química
Bioquímica,Citologia
Estilística,Estilística
Século XIX: Nacionalismo e Imperialismo,Idade Moderna: Revoluções e Reforma
Interpretação,Interpretação
Brasil República,Brasil República
América Latina Contemporânea,Brasil Colônia
Óptica,Óptica
Filosofia Temática,Filosofia Temática
Cartografia,Cartografia
Doenças Genéticas e Síndromes,Doenças Genéticas e Síndromes
Química Inorgânica,Química Geral
Formação dos EUA e Imperialismo,Século XIX: Nacionalismo e Imperialismo
Óptica,Óptica
Regiões do Brasil,Geografia Física
Modernismo,Modernismo
Matemática Financeira,Matemática Financeira
Filosofia Antiga,Filosofia Temática
Ondulatória,Ondulatória
Brasil República,Brasil República
Termodinâmica,Termologia
Ecologia,Radioatividade
Estrutura Atômica,Estrutura Atômica
Química Orgânica,Química Orgânica
Termologia,Termodinâmica
Filosofia Contemporânea,Filosofia Contemporânea
Geometria Plana,Geometria Plana
Eletromagnetismo,Eletricidade
Zoologia,Zoologia
Botânica,Fisiologia
Citologia,Histologia
Ondulatória,Ondulatória
Geopolítica e Atualidades,Geopolítica e Atualidades
Bacterioses,Bacterioses
Termologia,Termologia
Citologia,Botânica
Genética,Genética
Progressões e Sequências,Progressões e Sequências
Gramática,Literatura Contemporânea
Brasil Colônia,Brasil Colônia
Ondulatória,Ondulatória
Brasil República,Guerra Fria e Globalização
Arte Antiga e Média,Pré-História
Reinos e Impérios Africanos,Reinos e Impérios Africanos
Citologia,Citologia
Guerras Mundiais,Guerras Mundiais
Termologia,Gases
Cartografia,Cartografia
Análise Combinatória e Probabilidade,Análise Combinatória e Probabilidade
Filosofia Temática,Filosofia Moderna
Século XIX: Nacionalismo e Imperialismo,Século XIX: Nacionalismo e Imperialismo
Geometria Analítica,Geometria Analítica
Geometria Espacial e Sólidos,Geometria Espacial e Sólidos
Botânica,Botânica
Eletroquímica,Eletroquímica
Genética,Genética
Estilística,Estilística
Ecologia,Ecologia
Brasil Colônia,Brasil Colônia
Zoologia,Zoologia
Fisiologia,Fisiologia
Realismo e Naturalismo,Modernismo
Química Inorgânica,Química Inorgânica
Modernismo,Modernismo
Estrutura Atômica,Estrutura Atômica
Brasil Império,Brasil Colônia
Brasil Colônia,Brasil Colônia
Ecologia,Evolução
Estilística,Modernismo
Estequiometria e Cálculos,Estequiometria e Cálculos
Brasil Colônia,Brasil Colônia
Brasil Colônia,Brasil Colônia
Meio Ambiente,Química Geral
Guerra Fria e Globalização,Século XIX: Nacionalismo e Imperialismo
Eletromagnetismo,Eletromagnetismo
Óptica,Óptica
Fisiologia,Fisiologia
Fisiologia,Fisiologia
Bioquímica,Fisiologia
Filosofia Temática,Cultura e Sociedade
Química Orgânica,Química Geral
Progressões e Sequências,Progressões e Sequências
Aritmética e Matemática Básica,Aritmética e Matemática Básica
Interpretação,Música e Dança
Brasil República,Brasil República
Brasil República,Brasil República
Filosofia Moderna,Filosofia Moderna
Literatura Contemporânea,Modernismo
Geometria Espacial e Sólidos,Geometria Espacial e Sólidos
Fisiologia,Bioquímica
Idade Média,Idade Média
Brasil Colônia,Brasil Colônia
Doenças Genéticas e Síndromes,Doenças Genéticas e Síndromes
Genética,Genética
Brasil Império,Brasil Império
Interpretação,Modernismo
Zoologia,Zoologia
Brasil República,Brasil República
Grécia Antiga,Roma Antiga
Embriologia,Embriologia
Expansão Marítima e Formação dos Estados Nacionais,Brasil Colônia
Interpretação,Música e Dança
Eletricidade,Eletricidade
Idade Média,Idade Média
Idade Média,Idade Média
Química Orgânica,Química Orgânica
Protistas,Protozooses
Cidadania e Política,Cidadania e Política
Literatura Contemporânea,Modernismo
Radioatividade,Radioatividade
Físico-Química,Eletroquímica
Zoologia,Fisiologia
Colonização e Independência das Américas,Brasil Colônia
Interpretação,Estilística
Parnasianismo e Simbolismo,Parnasianismo e Simbolismo
Química Geral,Química Geral
Físico-Química,Físico-Química
Cinemática,Geometria Plana
Modernismo,Modernismo
Dinâmica,Dinâmica
Funções,Funções
Teatro,Teatro
Roma Antiga,Roma Antiga
Geometria Analítica,Geometria Analítica
Arcadismo,Arcadismo
Aritmética e Matemática Básica,Aritmética e Matemática Básica
Brasil Império,Regiões do Brasil
Físico-Química,Química Inorgânica
Análise Combinatória e Probabilidade,Análise Combinatória e Probabilidade
"Razão, Proporção e Porcentagem","Razão, Proporção e Porcentagem"
Genética,Genética
Linguagens Artísticas,Linguagens Artísticas
Brasil República,Brasil República
Doenças Genéticas e Síndromes,Doenças Genéticas e Síndromes
Eletroquímica,Eletroquímica
Geometria Analítica,Geometria Analítica
Espanhol,Espanhol
Fungos,Fungos
Química Orgânica,Química Inorgânica
Ondulatória,Ondulatória
Geometria Plana,Geometria Plana
Eletricidade,Eletroquímica
Ecologia,Ecologia
Meio Ambiente,Química Geral
Inglês,Inglês
Brasil Colônia,Brasil Colônia
Fisiologia,Histologia
Romantismo,Literatura Contemporânea
Geometria Plana,Geometria Analítica
Idade Média,Idade Média
Funções,Cinemática
Química Geral,Físico-Química
Cinemática,Cinemática
América Latina Contemporânea,América Latina Contemporânea
Interpretação,Estilística
Embriologia,Embriologia
Termologia,Termologia
Eletromagnetismo,Eletromagnetismo
Dinâmica,Dinâmica
Saúde Pública,Protistas
Química Geral,Química Geral
Genética,Genética
Brasil República,Brasil República
Botânica,Botânica
Gravitação,Eletromagnetismo
Interpretação,Sociolinguística
Geometria Analítica,Geometria Analítica
Filosofia Contemporânea,Filosofia Contemporânea
América Latina Contemporânea,América Latina Contemporânea
Gramática,Gramática
Físico-Química,Físico-Química
Brasil República,Brasil República
Idade Média,Idade Média
Química Orgânica,Química Orgânica
Estatística e Interpretação de Gráficos,Estatística e Interpretação de Gráficos
Embriologia,Embriologia
Brasil Colônia,Brasil Colônia
Ecologia,Taxonomia
Geometria Plana,Geometria Plana
Eletricidade,Eletricidade
Morfologia,Morfologia
Inglês,Inglês
Cinemática,Cinemática
Viroses,Viroses
Arte Antiga e Média,Arquitetura e Escultura
Evolução,Botânica
Idade Média,Idade Média
Análise Combinatória e Probabilidade,Análise Combinatória e Probabilidade
Pré-História,Pré-História
Guerra Fria e Globalização,Cidadania e Política
Análise Combinatória e Probabilidade,Análise Combinatória e Probabilidade
Roma Antiga,Roma Antiga
Bioquímica,Bioquímica
"Razão, Proporção e Porcentagem",Estatística e Interpretação de Gráficos
Estática,Estática
Gravitação,Gravitação
Brasil República,Brasil República
Modernismo,Arte Contemporânea
Brasil República,Brasil República
Ondulatória,Ondulatória
Brasil Colônia,Brasil Colônia
Inglês,Inglês
Dinâmica,Dinâmica
Realismo e Naturalismo,Realismo e Naturalismo
Parnasianismo e Simbolismo,Parnasianismo e Simbolismo
Idade Moderna: Revoluções e Reforma,Idade Moderna: Revoluções e Reforma
Barroco,Barroco
Sintaxe,Sintaxe
Aritmética e Matemática Básica,Análise Combinatória e Probabilidade
Botânica,Ecologia
Arte Contemporânea,Arte Moderna
Brasil República,Brasil República
Trigonometria,Geometria Espacial e Sólidos
Idade Antiga Oriental,Idade Antiga Oriental
Fisiologia,Fisiologia
Século XIX: Nacionalismo e Imperialismo,Século XIX: Nacionalismo e Imperialismo
Citologia,Citologia
Histologia,Fisiologia
Hidrostática,Hidrostática
Física Moderna,Ondulatória
Interpretação,Interpretação
Sociolinguística,Interpretação
Estrutura Atômica,Estrutura Atômica
Química Orgânica,Ligações Químicas
Aritmética e Matemática Básica,Funções
Interpretação,Interpretação
Roma Antiga,Roma Antiga
Viroses,Genética
Brasil Colônia,Brasil Colônia
Geografia Ambiental,Geografia Ambiental
Análise Combinatória e Probabilidade,Análise Combinatória e Probabilidade
Química Orgânica,Química Orgânica
Idade Média,Idade Média
Bioquímica,Bioquímica
Cultura e Sociedade,Música e Dança
Cinemática,Cinemática
Realismo e Naturalismo,Realismo e Naturalismo
Arte Moderna,Arte pelo Mundo
Estatística e Interpretação de Gráficos,Estatística e Interpretação de Gráficos
Idade Antiga Oriental,Idade Antiga Oriental
Ondulatória,Ondulatória
Óptica,Óptica
Filosofia Contemporânea,Filosofia Contemporânea
Filosofia Medieval,Filosofia Medieval
Bioquímica,Bioquímica
Estilística,Estilística
América Latina Contemporânea,América Latina Contemporânea
Filosofia Antiga,Filosofia Antiga
Estilística,Sociolinguística
Genética,Doenças Genéticas e Síndromes
Idade Média,Idade Média
População e Dinâmica Demográfica,População e Dinâmica Demográfica
Histologia,Fisiologia
Funções,Geometria Plana
Filosofia Contemporânea,Filosofia Contemporânea
Progressões e Sequências,Geometria Plana
Brasil República,Brasil República
Estequiometria e Cálculos,Estequiometria e Cálculos
Fisiologia,Fisiologia
Idade Média,Idade Média
Biotecnologia,Ecologia
Brasil Império,Brasil Império
Histologia,Histologia
Aritmética e Matemática Básica,Aritmética e Matemática Básica
Viroses,Biotecnologia
Brasil Colônia,Brasil Colônia
Físico-Química,Físico-Química
Realismo e Naturalismo,Realismo e Naturalismo
Óptica,Óptica
Idade Média,Idade Média
"Razão, Proporção e Porcentagem",Geometria Plana
Físico-Química,Físico-Química
Idade Média,Idade Média
Termologia,Termologia
América Pré-Colombiana,América Latina Contemporânea
Trabalho e Sociedade,Revoluções Industriais
"Razão, Proporção e Porcentagem","Razão, Proporção e Porcentagem"
Óptica,Óptica
Geografia Urbana,Geografia Urbana
Arte Moderna,Arte pelo Mundo
Brasil Colônia,Brasil Império
Morfologia,Morfologia
"Razão, Proporção e Porcentagem",Aritmética e Matemática Básica
Eletricidade,Eletricidade
Dinâmica,Radioatividade
Arte do Renascimento ao Romantismo,Arquitetura e Escultura
Viroses,Viroses
Óptica,Óptica
Brasil República,Brasil República
Ecologia,Ecologia
Aritmética e Matemática Básica,Aritmética e Matemática Básica
Gases,Termologia
Álgebra e Equações,Álgebra e Equações
Viroses,Bacterioses
Funções,Funções
Genética,Citologia
Pré-História,Pré-História
Brasil Império,Brasil Império
Arte pelo Mundo,Arte Contemporânea
Brasil Império,Brasil Império
Filosofia Moderna,Filosofia Temática
Filosofia Temática,Cidadania e Política
Geometria Espacial e Sólidos,Geometria Espacial e Sólidos
Química Orgânica,Química Orgânica
Química Geral,Química Geral
Doenças Genéticas e Síndromes,Doenças Genéticas e Síndromes
Funções,Funções
Interpretação,Gramática
Histologia,Genética
Estatística e Interpretação de Gráficos,Estatística e Interpretação de Gráficos
Inglês,Inglês
Arte pelo Mundo,Arte Contemporânea
Idade Média,Idade Média
Cultura e Sociedade,Cidadania e Política
Brasil Colônia,Brasil Colônia
Brasil Colônia,Romantismo
Filosofia Antiga,Filosofia Antiga
Arquitetura e Escultura,Arte Antiga e Média
Guerra Fria e Globalização,Guerra Fria e Globalização
Arte Moderna,Arte Moderna
Dinâmica,Dinâmica
Regiões do Brasil,Regiões do Brasil
Estática,Estática
Análise Combinatória e Probabilidade,Análise Combinatória e Probabilidade
Doenças Genéticas e Síndromes,Doenças Genéticas e Síndromes
Geometria Plana,Geometria Plana
Idade Média,Idade Média
Citologia,Química Orgânica
Eletricidade,Eletricidade
Arte do Renascimento ao Romantismo,Arte Contemporânea
Sintaxe,Interpretação
Eletricidade,Eletricidade
Brasil República,Brasil República
Histologia,Histologia
Brasil República,Brasil República
Geometria Plana,Óptica
Estilística,Modernismo
Doenças Genéticas e Síndromes,Doenças Genéticas e Síndromes
Química Inorgânica,Química Inorgânica
Álgebra Linear e Matrizes,Álgebra Linear e Matrizes
América Pré-Colombiana,América Pré-Colombiana
Cinemática,Estática
Funções,Funções
Histologia,Histologia
Filosofia Moderna,Filosofia Temática
Cinemática,Cinemática
Pré-História,Arte Antiga e Média
Cartografia,Cartografia
Filosofia Moderna,Filosofia Moderna
Embriologia,Embriologia
Geometria Analítica,Geometria Analítica
Físico-Química,Físico-Química
Análise Combinatória e Probabilidade,Análise Combinatória e Probabilidade
Físico-Química,Físico-Química
Bioquímica,Bioquímica
Literatura Contemporânea,Literatura Africana
Brasil Império,Brasil República
Ligações Químicas,Ligações Químicas
Parnasianismo e Simbolismo,Parnasianismo e Simbolismo
Ligações Químicas,Ligações Químicas
Teatro,Teatro
Guerra Fria e Globalização,Idade Antiga Oriental
Química Orgânica,Química Orgânica
Fisiologia,Fisiologia
Brasil República,Brasil República
Regiões do Brasil,Geografia Econômica
"Razão, Proporção e Porcentagem",Estatística e Interpretação de Gráficos
Século XIX: Nacionalismo e Imperialismo,Século XIX: Nacionalismo e Imperialismo
Modernismo,Modernismo
Estequiometria e Cálculos,Estequiometria e Cálculos
Histologia,Histologia
Modernismo,Modernismo
Brasil Império,Brasil Império
Literatura Medieval,Literatura Medieval
Brasil Império,Brasil Império
Química Geral,Gases
Idade Antiga Oriental,Arte Antiga e Média
Educação Física,Interpretação
Arte pelo Mundo,Arte Contemporânea
Álgebra Linear e Matrizes,Álgebra Linear e Matrizes
Idade Antiga Oriental,Idade Antiga Oriental
Arte pelo Mundo,Arte Contemporânea
Álgebra Linear e Matrizes,Álgebra Linear e Matrizes
Bacterioses,Bacterioses
Geopolítica e Atualidades,Geopolítica e Atualidades
Guerras Mundiais,Guerras Mundiais
"Razão, Proporção e Porcentagem",Geometria Plana
Expansão Marítima e Formação dos Estados Nacionais,Interpretação
Geografia Física,Radioatividade
Física Moderna,Física Moderna
Brasil Colônia,Brasil Colônia
Geometria Espacial e Sólidos,Geometria Plana
Romantismo,Modernismo
Físico-Química,Físico-Química
Estática,Eletromagnetismo
Álgebra e Equações,Álgebra e Equações
Grandezas e Unidades,Aritmética e Matemática Básica
Modernismo,Modernismo
Termologia,Termologia
Inglês,Inglês
Brasil Colônia,Pré-História
Botânica,Botânica
Brasil Colônia,Brasil Colônia
Interpretação,Interpretação
Filosofia Temática,Filosofia Temática
Filosofia Contemporânea,Filosofia Contemporânea
Álgebra Linear e Matrizes,Álgebra Linear e Matrizes
População e Dinâmica Demográfica,Brasil República
Brasil República,Brasil República
"Razão, Proporção e Porcentagem",Aritmética e Matemática Básica
Modernismo,Modernismo
Século XIX: Nacionalismo e Imperialismo,Século XIX: Nacionalismo e Imperialismo
Brasil Império,Brasil Império
Filosofia Contemporânea,Filosofia Contemporânea
Ecologia,Botânica
Brasil Colônia,Brasil Colônia
Brasil Colônia,Expansão Marítima e Formação dos Estados Nacionais
Brasil Império,Brasil Império
Físico-Química,Físico-Química
Estatística e Interpretação de Gráficos,Estatística e Interpretação de Gráficos
Química Geral,Química Geral
Guerra Fria e Globalização,Guerra Fria e Globalização
Brasil Império,Brasil Império
Química Inorgânica,Química Inorgânica
Modernismo,Modernismo
Termologia,Termologia
Fisiologia,Fisiologia
Arte do Renascimento ao Romantismo,Idade Moderna: Revoluções e Reforma
Gases,Gases
Quinhentismo,Brasil Colônia
Brasil República,Cidadania e Política
Brasil Império,Brasil Império
Arte Antiga e Média,América Pré-Colombiana
Citologia,Citologia
Química Geral,Geografia Física
Filosofia Moderna,Filosofia Temática
Brasil Império,Brasil Império
Doenças Genéticas e Síndromes,Genética
Álgebra e Equações,Álgebra e Equações
"Razão, Proporção e Porcentagem",Álgebra e Equações
Modernismo,Interpretação
Arquitetura e Escultura,Arte Contemporânea
Álgebra Linear e Matrizes,Álgebra Linear e Matrizes
Dinâmica,Dinâmica
Gravitação,Dinâmica
Modernismo,Arte Contemporânea
Colonização e Independência das Américas,Brasil Colônia
Brasil República,Brasil República
Idade Média,Idade Média
Viroses,Viroses
Idade Moderna: Revoluções e Reforma,Brasil Colônia
"Razão, Proporção e Porcentagem","Razão, Proporção e Porcentagem"
Geometria Plana,Geometria Espacial e Sólidos
Físico-Química,Físico-Química
Química Orgânica,Físico-Química
Doenças Genéticas e Síndromes,Doenças Genéticas e Síndromes
Brasil Império,Brasil Império
Idade Média,Idade Média
Doenças Genéticas e Síndromes,Doenças Genéticas e Síndromes
Geografia Ambiental,Geografia Ambiental
Brasil Colônia,Romantismo
Brasil Império,Brasil Império
Arte Moderna,Arte Moderna
Cinemática,Cinemática
Ecologia,Geografia Ambiental
Literatura Contemporânea,Literatura Contemporânea
Evolução,Evolução
Ondulatória,Ondulatória
Modernismo,Modernismo
Estrutura Atômica,Estrutura Atômica
Aritmética e Matemática Básica,Aritmética e Matemática Básica
Termologia,Termodinâmica
Química Orgânica,Meio Ambiente
Gramática,Gramática
Termologia,Termologia
Brasil República,Brasil República
Aritmética e Matemática Básica,"Razão, Proporção e Porcentagem"
Guerras Mundiais,Guerras Mundiais
Arte Moderna,Arte Moderna
Matemática Financeira,"Razão, Proporção e Porcentagem"
"Razão, Proporção e Porcentagem",Estatística e Interpretação de Gráficos
Funções,Funções
Geometria Analítica,Funções
Cidadania e Política,Desigualdade e Exclusão Social
Estilística,Estilística
Filosofia Moderna,Filosofia Temática
Genética,Genética
Fisiologia,Óptica
Botânica,Botânica
Século XIX: Nacionalismo e Imperialismo,Brasil República
Brasil Colônia,Brasil Colônia
Brasil República,Brasil República
Interpretação,Sociolinguística
Doenças Genéticas e Síndromes,Doenças Genéticas e Síndromes
Citologia,Citologia
Zoologia,Embriologia
Físico-Química,Físico-Química
Interpretação,Sociolinguística
Idade Moderna: Revoluções e Reforma,Filosofia Moderna
Dinâmica,Hidrostática
Química Geral,Estequiometria e Cálculos
Bioquímica,Fisiologia
Fisiologia,Fisiologia
Doenças Genéticas e Síndromes,Genética
Estequiometria e Cálculos,Estequiometria e Cálculos
Funções,Funções
Taxonomia,Evolução
"Razão, Proporção e Porcentagem","Razão, Proporção e Porcentagem"
Álgebra e Equações,Aritmética e Matemática Básica
Brasil Colônia,Brasil Colônia
Botânica,Botânica
Ondulatória,Ondulatória
Geometria Plana,"Razão, Proporção e Porcentagem"
Funções,Álgebra e Equações
Evolução,Radioatividade
Termodinâmica,Físico-Química
Brasil República,Brasil República
Idade Antiga Oriental,Idade Antiga Oriental
Dinâmica,Cinemática
Morfologia,Morfologia
Cinemática,Cinemática
Aritmética e Matemática Básica,Aritmética e Matemática Básica
Zoologia,Zoologia
População e Dinâmica Demográfica,População e Dinâmica Demográfica
Regiões do Brasil,Regiões do Brasil
Geografia Física,Geografia Física
Realismo e Naturalismo,Realismo e Naturalismo
Geometria Espacial e Sólidos,Geometria Espacial e Sólidos
Geometria Analítica,Geometria Plana
Termologia,Física Moderna
Química Geral,Química Geral
Fisiologia,Doenças Genéticas e Síndromes
Guerra Fria e Globalização,Guerra Fria e Globalização
Geometria Plana,Geometria Analítica
"Razão, Proporção e Porcentagem",Álgebra Linear e Matrizes
Filosofia Antiga,Filosofia Antiga
Geometria Analítica,Geometria Plana
Brasil Colônia,Brasil Colônia
Brasil Império,Brasil Colônia
Números Complexos,Números Complexos
Filosofia Temática,Filosofia Moderna
Realismo e Naturalismo,Realismo e Naturalismo
Idade Média,Idade Média
Guerra Fria e Globalização,Filosofia Contemporânea
Genética,Genética
Geometria Plana,Geometria Plana
Arte Moderna,Arte Moderna
Geometria Plana,Geometria Plana
Gases,Gases
Arte Contemporânea,Linguagens Artísticas
Linguagens Artísticas,Arte do Renascimento ao Romantismo
Música e Dança,Música e Dança
Cinemática,Cinemática
Desigualdade e Exclusão Social,Desigualdade e Exclusão Social
Álgebra e Equações,Aritmética e Matemática Básica
Cinemática,Geometria Plana
Dinâmica,Hidrostática
Fisiologia,Bioquímica
Geografia Ambiental,Ecologia
Romantismo,Romantismo
Geometria Plana,Geometria Analítica
Química Inorgânica,Química Orgânica
Colonização e Independência das Américas,Colonização e Independência das Américas
Geometria Analítica,Funções
Geometria Espacial e Sólidos,Geometria Espacial e Sólidos
Interpretação,Interpretação
Química Inorgânica,Química Inorgânica
Meio Ambiente,Meio Ambiente
Progressões e Sequências,Funções
Brasil República,Brasil República
"Razão, Proporção e Porcentagem",Estequiometria e Cálculos
Romantismo,Romantismo
Brasil República,Brasil República
Números Complexos,Álgebra e Equações
Brasil República,Brasil República
Idade Moderna: Revoluções e Reforma,Idade Moderna: Revoluções e Reforma
Aritmética e Matemática Básica,Álgebra e Equações
Biotecnologia,Biotecnologia
Quinhentismo,Literatura Medieval
Ondulatória,Citologia
Química Geral,Estrutura Atômica
Filosofia Temática,Filosofia Temática
Estequiometria e Cálculos,Química Inorgânica
Físico-Química,Físico-Química
Fisiologia,Ecologia
Eletromagnetismo,Eletromagnetismo
Geometria Plana,Geometria Plana
Barroco,Arte do Renascimento ao Romantismo
Brasil Império,Brasil Império
América Latina Contemporânea,Brasil Império
Filosofia Antiga,Filosofia Antiga
Fisiologia,Botânica
Inglês,Inglês
Brasil República,Brasil República
Fisiologia,Fisiologia
Ecologia,Meio Ambiente
Modernismo,Modernismo
Química Orgânica,Química Orgânica
Reinos e Impérios Africanos,Filosofia Temática
Genética,Genética
Álgebra Linear e Matrizes,Álgebra Linear e Matrizes
Guerra Fria e Globalização,Guerra Fria e Globalização
Química Geral,Estequiometria e Cálculos
Guerras Mundiais,Guerra Fria e Globalização
Química Geral,Estrutura Atômica
Geografia Física,Estatística e Interpretação de Gráficos
"Razão, Proporção e Porcentagem","Razão, Proporção e Porcentagem"
Música e Dança,Música e Dança
Brasil Império,Brasil Colônia
Estatística e Interpretação de Gráficos,Estatística e Interpretação de Gráficos
Brasil República,Brasil República
Sociolinguística,Brasil Colônia
Brasil Colônia,Brasil Colônia
Cultura e Sociedade,Cidadania e Política
Geometria Analítica,Geometria Analítica
Brasil Colônia,Brasil Colônia
Bioquímica,Bioquímica
Progressões e Sequências,Progressões e Sequências
Dinâmica,Cinemática
Música e Dança,Música e Dança
Histologia,Histologia
Química Orgânica,Química Orgânica
Protistas,Protistas
Ondulatória,Ondulatória
Geografia Física,Geografia Física
América Latina Contemporânea,América Latina Contemporânea
Quinhentismo,Quinhentismo
Brasil Colônia,Brasil Colônia
Inglês,Inglês
Geometria Espacial e Sólidos,Geometria Espacial e Sólidos
Análise Combinatória e Probabilidade,Análise Combinatória e Probabilidade
Eletroquímica,Eletroquímica
Idade Média,Bacterioses
Bioquímica,Bioquímica
Filosofia Moderna,Filosofia Contemporânea
Modernismo,Interpretação
América Latina Contemporânea,América Pré-Colombiana
Filosofia Contemporânea,Guerras Mundiais
Eletricidade,Eletricidade
Ecologia,Ecologia
Brasil Império,Brasil Império
Pré-História,Pré-História
Arte pelo Mundo,Sociolinguística
Álgebra e Equações,Álgebra e Equações
Brasil Colônia,Brasil Colônia
Brasil Colônia,Brasil Colônia
Regiões do Brasil,Cultura e Sociedade
Cinemática,Estatística e Interpretação de Gráficos
Inglês,Inglês
Filosofia Moderna,Filosofia Moderna
Idade Antiga Oriental,Idade Antiga Oriental
Funções,Radioatividade
Cinemática,Cinemática
Botânica,Botânica
Citologia,Fisiologia
Estatística e Interpretação de Gráficos,Estatística e Interpretação de Gráficos
Interpretação,Brasil República
Gases,Gases
Brasil Colônia,Brasil Colônia
Bacterioses,Bacterioses
Brasil Império,Brasil Império
América Latina Contemporânea,América Latina Contemporânea
Brasil Colônia,Brasil Império
Zoologia,Zoologia
Histologia,Histologia
Físico-Química,Termologia
Trabalho e Sociedade,Trabalho e Sociedade
Interpretação,Estilística
Brasil Colônia,Brasil Colônia
Sociolinguística,Sociolinguística
Brasil República,Brasil República
Ligações Químicas,Ligações Químicas
Educação Física,Interpretação
Idade Média,Idade Média
Estatística e Interpretação de Gráficos,Estatística e Interpretação de Gráficos
Álgebra e Equações,Álgebra e Equações
Regiões do Brasil,Regiões do Brasil
Geografia Ambiental,Ecologia
Modernismo,Modernismo
"Razão, Proporção e Porcentagem",Grandezas e Unidades
Realismo e Naturalismo,Literatura Contemporânea
Termodinâmica,Gases
Ecologia,Ecologia
Físico-Química,Química Orgânica
Arcadismo,Arcadismo
Arte Contemporânea,Arte pelo Mundo
Citologia,Citologia
Brasil Império,Brasil Império
Protozooses,Genética
Geografia Ambiental,Geografia Ambiental
Gases,Química Orgânica
Barroco,Barroco
Ecologia,Geografia Ambiental
Virologia,Viroses
Estrutura Atômica,Estrutura Atômica
Arte do Renascimento ao Romantismo,Brasil Colônia
Roma Antiga,Idade Média
Cinemática,Cinemática
Análise Combinatória e Probabilidade,Análise Combinatória e Probabilidade
Gravitação,Gravitação
Filosofia Moderna,Idade Moderna: Revoluções e Reforma
Geometria Plana,Geometria Plana
Zoologia,Zoologia
Filosofia Moderna,Filosofia Moderna
Química Orgânica,Química Orgânica
Histologia,Histologia
Arte pelo Mundo,Arte Contemporânea
Arte do Renascimento ao Romantismo,Arte do Renascimento ao Romantismo
Óptica,Óptica
Álgebra e Equações,Álgebra e Equações
Zoologia,Zoologia
Botânica,Botânica
Botânica,Ecologia
Filosofia Temática,Teatro
Química Inorgânica,Físico-Química
Brasil República,Brasil República
Brasil Colônia,Brasil Colônia
Geometria Espacial e Sólidos,Geometria Espacial e Sólidos
Álgebra Linear e Matrizes,Álgebra Linear e Matrizes
Reinos e Impérios Africanos,Idade Antiga Oriental
Fisiologia,Fisiologia
Funções,"Razão, Proporção e Porcentagem"
Físico-Química,Físico-Química
Grécia Antiga,Grécia Antiga
Física Moderna,Física Moderna
Álgebra e Equações,Estatística e Interpretação de Gráficos
Saúde Pública,Viroses
Reinos e Impérios Africanos,Século XIX: Nacionalismo e Imperialismo
Histologia,Citologia
Grécia Antiga,Grécia Antiga
Grécia Antiga,Cidadania e Política
Guerra Fria e Globalização,Guerra Fria e Globalização
Filosofia Temática,Filosofia Moderna
Físico-Química,Físico-Química
Meio Ambiente,Ecologia
Viroses,Viroses
Bioquímica,Citologia
Aritmética e Matemática Básica,Estatística e Interpretação de Gráficos
Modernismo,Modernismo
Zoologia,Zoologia
Filosofia Moderna,Filosofia Moderna
Citologia,Citologia
Físico-Química,Estequiometria e Cálculos
Meio Ambiente,Meio Ambiente
Análise Combinatória e Probabilidade,Análise Combinatória e Probabilidade
Modernismo,Interpretação
Estrutura Atômica,Estrutura Atômica
Brasil República,Brasil República
Trabalho e Sociedade,População e Dinâmica Demográfica
Genética,Doenças Genéticas e Síndromes
Aritmética e Matemática Básica,Aritmética e Matemática Básica
Álgebra Linear e Matrizes,Álgebra Linear e Matrizes
Álgebra Linear e Matrizes,Álgebra e Equações
Inglês,Inglês
Gravitação,Gravitação
Educação Física,Interpretação
Óptica,Óptica
Modernismo,Modernismo
Brasil Colônia,Brasil Colônia
Bacterioses,Bacterioses
Histologia,Bioquímica
Botânica,Química Orgânica
Filosofia Temática,Filosofia Antiga
Histologia,Histologia
Filosofia Antiga,Filosofia Antiga
Histologia,Interpretação
Geografia Ambiental,Biotecnologia
Quinhentismo,Brasil Colônia
Parnasianismo e Simbolismo,Parnasianismo e Simbolismo
Brasil República,Brasil República
Funções,Dinâmica
Dinâmica,Dinâmica
Geografia Urbana,População e Dinâmica Demográfica
Evolução,Evolução
Idade Moderna: Revoluções e Reforma,Idade Moderna: Revoluções e Reforma
Realismo e Naturalismo,Realismo e Naturalismo
Guerra Fria e Globalização,Brasil Colônia
Interpretação,Interpretação
Geometria Plana,Geometria Plana
Filosofia Temática,Filosofia Moderna
Eletricidade,Eletricidade
Romantismo,Romantismo
Geometria Plana,Geometria Plana
Histologia,Histologia
Gravitação,Gravitação
Botânica,Botânica
Números Complexos,Números Complexos
Modernismo,Modernismo
Química Inorgânica,Química Inorgânica
Trigonometria,Geometria Plana
Modernismo,Modernismo
Trabalho e Sociedade,Geografia Ambiental
Hidrostática,Hidrostática
América Latina Contemporânea,Colonização e Independência das Américas
Trigonometria,Trigonometria
Interpretação,Música e Dança
Termologia,Química Geral
Físico-Química,Físico-Química
"Razão, Proporção e Porcentagem","Razão, Proporção e Porcentagem"
Espanhol,Espanhol
Geografia Ambiental,População e Dinâmica Demográfica
Ecologia,Química Geral
Citologia,Citologia
Barroco,Barroco
Gases,Gases
Físico-Química,Físico-Química
Eletroquímica,Físico-Química
Fundamentos da Sociologia,Fundamentos da Sociologia
Físico-Química,Estequiometria e Cálculos
Botânica,Fisiologia
Brasil Colônia,Brasil Colônia
Brasil Colônia,Brasil Colônia
Gases,Gases
Idade Média,Idade Média
Bioquímica,Bioquímica
Cinemática,Dinâmica
Interpretação,Interpretação
Arte Antiga e Média,Grécia Antiga
Ecologia,Botânica
Geografia Física,Geografia Física
Cinemática,Cinemática
América Latina Contemporânea,Colonização e Independência das Américas
Geometria Plana,Geometria Plana
Análise Combinatória e Probabilidade,Análise Combinatória e Probabilidade
Análise Combinatória e Probabilidade,Análise Combinatória e Probabilidade
Estilística,Estilística
Arte Antiga e Média,Idade Antiga Oriental
Literatura Africana,Literatura Africana
Citologia,Procariontes
Histologia,Física Moderna
Filosofia Temática,Filosofia Contemporânea
Óptica,Óptica
Geometria Plana,Trigonometria
Protistas,Protistas
Literatura Medieval,Modernismo
Filosofia Contemporânea,Filosofia Contemporânea
Idade Moderna: Revoluções e Reforma,Brasil Colônia
Fisiologia,Bacterioses
Filosofia Moderna,Filosofia Moderna
Geometria Plana,Geometria Plana
Música e Dança,Música e Dança
"Razão, Proporção e Porcentagem",Geometria Plana
Ecologia,Saúde Pública
Brasil República,Brasil República
Geometria Analítica,Geometria Analítica
Química Orgânica,Química Orgânica
Aritmética e Matemática Básica,Aritmética e Matemática Básica
Doenças Genéticas e Síndromes,Doenças Genéticas e Síndromes
Análise Combinatória e Probabilidade,Análise Combinatória e Probabilidade
"Razão, Proporção e Porcentagem",Análise Combinatória e Probabilidade
Modernismo,Modernismo
Filosofia Contemporânea,Filosofia Contemporânea
Filosofia Temática,Filosofia Contemporânea
Brasil Império,Brasil Império
Viroses,Virologia
Química Inorgânica,Química Orgânica
Embriologia,Embriologia
Físico-Química,Estequiometria e Cálculos
Filosofia Moderna,Filosofia Moderna
Parnasianismo e Simbolismo,Parnasianismo e Simbolismo
Bioquímica,Saúde Pública
População e Dinâmica Demográfica,Cinemática
Citologia,Citologia
Arte Moderna,Arquitetura e Escultura
Brasil Colônia,Brasil Colônia
Brasil Império,Brasil Colônia
Eletricidade,Eletricidade
Idade Média,Idade Média
Colonização e Independência das Américas,Colonização e Independência das Américas
Arte do Renascimento ao Romantismo,Arte do Renascimento ao Romantismo
Cinemática,Cinemática
Roma Antiga,Idade Média
Arte Moderna,Arte do Renascimento ao Romantismo
Geografia Física,Geografia Ambiental
Química Geral,Química Geral
Idade Média,Idade Média
Química Orgânica,Química Orgânica
Ecologia,Citologia
Óptica,Óptica
Roma Antiga,Arte Antiga e Média
Termologia,Termodinâmica
Citologia,Citologia
Química Inorgânica,Físico-Química
Eletricidade,Eletricidade
Química Orgânica,Físico-Química
Álgebra e Equações,Álgebra Linear e Matrizes
Inglês,Inglês
Interpretação,Sociolinguística
Estilística,Interpretação
Doenças Genéticas e Síndromes,Doenças Genéticas e Síndromes
Bioquímica,Bioquímica
Geometria Plana,Geometria Plana
Geometria Espacial e Sólidos,Geometria Espacial e Sólidos
Filosofia Antiga,Filosofia Antiga
Estequiometria e Cálculos,Estequiometria e Cálculos
Funções,Funções
Doenças Genéticas e Síndromes,Doenças Genéticas e Síndromes
Biotecnologia,Saúde Pública
Arte Moderna,Arte Moderna
Botânica,Evolução
Análise Combinatória e Probabilidade,Análise Combinatória e Probabilidade
Realismo e Naturalismo,Realismo e Naturalismo
Romantismo,Realismo e Naturalismo
Aritmética e Matemática Básica,Aritmética e Matemática Básica
Química Orgânica,Química Orgânica
Termologia,Termologia
Botânica,Botânica
Modernismo,Modernismo
Brasil Colônia,Brasil Colônia
Embriologia,Embriologia
Protistas,Protistas
Físico-Química,Físico-Química
Grécia Antiga,Grécia Antiga
Química Orgânica,Química Inorgânica
Ecologia,Ecologia
Geometria Plana,Geometria Plana
Modernismo,Modernismo
Análise Combinatória e Probabilidade,Análise Combinatória e Probabilidade
Idade Média,Idade Média
Ligações Químicas,Química Inorgânica
Idade Média,Idade Média
Análise Combinatória e Probabilidade,Análise Combinatória e Probabilidade
Termologia,Termodinâmica
Cinemática,Progressões e Sequências
Ecologia,Ecologia
Filosofia Moderna,Filosofia Moderna
Grécia Antiga,Grécia Antiga
Brasil Colônia,Brasil Colônia
Ondulatória,Ondulatória
Romantismo,Romantismo
Filosofia Temática,Filosofia Moderna
Doenças Genéticas e Síndromes,Doenças Genéticas e Síndromes
Química Geral,Química Geral
"Razão, Proporção e Porcentagem","Razão, Proporção e Porcentagem"
"Razão, Proporção e Porcentagem","Razão, Proporção e Porcentagem"
Brasil República,Brasil República
"Razão, Proporção e Porcentagem","Razão, Proporção e Porcentagem"
Linguagens Artísticas,Interpretação
Cidadania e Política,Brasil Império
Físico-Química,Físico-Química
Modernismo,Interpretação
Grécia Antiga,Expansão Marítima e Formação dos Estados Nacionais
Química Orgânica,Química Inorgânica
Cidadania e Política,Brasil República
Química Geral,Meio Ambiente
Brasil Império,Brasil Império
Fundamentos da Sociologia,Fundamentos da Sociologia
Eletroquímica,Eletroquímica
Filosofia Antiga,Filosofia Temática
Bioquímica,Bioquímica
Geometria Espacial e Sólidos,Geometria Espacial e Sólidos
Ondulatória,Ondulatória
Cidadania e Política,Cidadania e Política
Ondulatória,Ondulatória
Brasil Colônia,Brasil Colônia
Ondulatória,Ondulatória
Dinâmica,Dinâmica
Realismo e Naturalismo,Realismo e Naturalismo
Álgebra Linear e Matrizes,Álgebra Linear e Matrizes
Geometria Analítica,Geometria Plana
Físico-Química,Eletroquímica
Literatura Medieval,Literatura Medieval
Saúde Pública,Viroses
Modernismo,Modernismo
Cidadania e Política,Guerra Fria e Globalização
Aritmética e Matemática Básica,"Razão, Proporção e Porcentagem"
Óptica,Óptica
Geometria Analítica,Geometria Plana
Físico-Química,Ligações Químicas
Termologia,Termologia
Zoologia,Protozooses
Cidadania e Política,Formação dos EUA e Imperialismo
Roma Antiga,Idade Média
Física Moderna,Radioatividade
Geografia Física,Geografia Física
Aritmética e Matemática Básica,Aritmética e Matemática Básica
Geometria Espacial e Sólidos,Geometria Plana
Eletromagnetismo,Eletromagnetismo
Modernismo,Interpretação
Meio Ambiente,Meio Ambiente
Bacterioses,Bacterioses
Brasil Colônia,Filosofia Contemporânea
Modernismo,Modernismo
Brasil Império,Brasil Império
Cinemática,Ondulatória
Zoologia,Zoologia
Brasil Colônia,Brasil Império
Cinemática,Cinemática
Geografia Física,Geografia Física
Viroses,Viroses
Citologia,Citologia
Formação dos EUA e Imperialismo,Brasil Império
"Razão, Proporção e Porcentagem","Razão, Proporção e Porcentagem"
Doenças Genéticas e Síndromes,Genética
Química Orgânica,Ligações Químicas
Arte do Renascimento ao Romantismo,Romantismo
Físico-Química,Físico-Química
Arte Contemporânea,Arte Contemporânea
Química Geral,Físico-Química
Revoluções Industriais,Guerras Mundiais
Modernismo,Modernismo
"Razão, Proporção e Porcentagem","Razão, Proporção e Porcentagem"
Geometria Espacial e Sólidos,Geometria Espacial e Sólidos
Realismo e Naturalismo,Realismo e Naturalismo
Filosofia Contemporânea,Filosofia Contemporânea
Modernismo,Modernismo
Fundamentos da Sociologia,Fundamentos da Sociologia
Saúde Pública,Interpretação
Filosofia Temática,Filosofia Contemporânea
Protozooses,Genética
Estequiometria e Cálculos,Estrutura Atômica
"Razão, Proporção e Porcentagem","Razão, Proporção e Porcentagem"
Cinemática,Gravitação
Brasil República,Brasil República
Geometria Plana,Geometria Plana
Modernismo,Modernismo
Botânica,Botânica
Zoologia,Zoologia
Genética,Genética
Estática,Estática
Taxonomia,Taxonomia
Embriologia,Embriologia
Química Orgânica,Físico-Química
Ecologia,Ecologia
Século XIX: Nacionalismo e Imperialismo,Século XIX: Nacionalismo e Imperialismo
Aritmética e Matemática Básica,Progressões e Sequências
Idade Média,Idade Média
Geografia Urbana,Música e Dança
Meio Ambiente,Ecologia
Interpretação,Estilística
Geometria Espacial e Sólidos,Progressões e Sequências
Brasil República,Brasil República
Brasil Império,Brasil Império
Fisiologia,Fisiologia
Filosofia Moderna,Filosofia Moderna
Geometria Espacial e Sólidos,Geometria Espacial e Sólidos
Termologia,Termologia
Modernismo,Modernismo
Estequiometria e Cálculos,Estequiometria e Cálculos
Arquitetura e Escultura,Arte Antiga e Média
América Latina Contemporânea,Geopolítica e Atualidades
Análise Combinatória e Probabilidade,Análise Combinatória e Probabilidade
Zoologia,Zoologia
Inglês,Inglês
Estilística,Interpretação
Aritmética e Matemática Básica,"Razão, Proporção e Porcentagem"
Óptica,Óptica
Brasil Império,Pré-História
Filosofia Antiga,Filosofia Temática
Arte Antiga e Média,Idade Média
"Razão, Proporção e Porcentagem","Razão, Proporção e Porcentagem"
Brasil Império,Brasil Império
Hidrostática,Hidrostática
Filosofia Antiga,Filosofia Antiga
Grécia Antiga,Idade Antiga Oriental
Aritmética e Matemática Básica,Aritmética e Matemática Básica
Meio Ambiente,Meio Ambiente
Embriologia,Embriologia
Grécia Antiga,Filosofia Antiga
Geometria Espacial e Sólidos,Geometria Espacial e Sólidos
Literatura Africana,Literatura Africana
Estrutura Atômica,Estrutura Atômica
Filosofia Moderna,Filosofia Moderna
Realismo e Naturalismo,Realismo e Naturalismo
Brasil República,Brasil República
Físico-Química,Físico-Química
Eletroquímica,Eletroquímica
Bioquímica,Bioquímica
Interpretação,Sociolinguística
Óptica,Óptica
Álgebra e Equações,Aritmética e Matemática Básica
Literatura Africana,Literatura Africana
Geometria Plana,Geometria Plana
Termologia,Termodinâmica
Bioquímica,Bioquímica
Eletricidade,Eletricidade
Brasil República,Brasil República
Geometria Plana,Geometria Plana
América Latina Contemporânea,Colonização e Independência das Américas
Inglês,Inglês
Bioquímica,Bioquímica
Sociolinguística,Interpretação
Fundamentos da Sociologia,Fundamentos da Sociologia
Viroses,Viroses
América Latina Contemporânea,América Pré-Colombiana
Guerra Fria e Globalização,Guerra Fria e Globalização
Modernismo,Modernismo
Química Geral,Eletroquímica
Interpretação,Cultura e Sociedade
Aritmética e Matemática Básica,Geografia Física
Química Geral,Química Geral
Química Orgânica,Bioquímica
Ondulatória,Ondulatória
Geografia Física,Geografia Física
Dinâmica,Dinâmica
Química Orgânica,Química Geral
Música e Dança,Música e Dança
Análise Combinatória e Probabilidade,Análise Combinatória e Probabilidade
Estática,Dinâmica
Filosofia Antiga,Filosofia Temática
Físico-Química,Química Geral
Estequiometria e Cálculos,Estequiometria e Cálculos
Interpretação,Interpretação
Interpretação,Interpretação
Arte Contemporânea,Modernismo
Brasil Império,Brasil Império
Música e Dança,Interpretação
Cinemática,"Razão, Proporção e Porcentagem"
Parnasianismo e Simbolismo,Interpretação
Século XIX: Nacionalismo e Imperialismo,Século XIX: Nacionalismo e Imperialismo
Arte Moderna,Óptica
Bioquímica,Citologia
Gases,Eletromagnetismo
Botânica,Genética
Idade Média,Idade Média
Geopolítica e Atualidades,Guerra Fria e Globalização
Brasil Colônia,Brasil Império
Trigonometria,Trigonometria
Físico-Química,Físico-Química
Estática,Dinâmica
Filosofia Antiga,Filosofia Antiga
Gravitação,Gravitação
Sociolinguística,Sociolinguística
Citologia,Citologia
Desigualdade e Exclusão Social,Desigualdade e Exclusão Social
Ondulatória,Ondulatória
Hidrostática,Hidrostática
Brasil Império,Brasil Império
Filosofia Temática,Filosofia Temática
Citologia,Citologia
Modernismo,Modernismo
Guerra Fria e Globalização,Guerra Fria e Globalização
Química Orgânica,Química Orgânica
Óptica,Óptica
Realismo e Naturalismo,Realismo e Naturalismo
Filosofia Contemporânea,Filosofia Contemporânea
Filosofia Contemporânea,Arte Contemporânea
Funções,Funções
Modernismo,Modernismo
Educação Física,Educação Física
Música e Dança,Arte Contemporânea
Literatura Contemporânea,Literatura Contemporânea
Química Inorgânica,Química Inorgânica
Físico-Química,Físico-Química
Doenças Genéticas e Síndromes,Citologia
Geografia Física,Geografia Física
Genética,Genética
Análise Combinatória e Probabilidade,Análise Combinatória e Probabilidade
Filosofia Moderna,Filosofia Moderna
Geometria Plana,Geometria Plana
Idade Média,Idade Média
Análise Combinatória e Probabilidade,Análise Combinatória e Probabilidade
Cultura e Sociedade,Educação Física
Citologia,Citologia
Ecologia,Ecologia
Grécia Antiga,Idade Antiga Oriental
Século XIX: Nacionalismo e Imperialismo,Arte do Renascimento ao Romantismo
Citologia,Citologia
Meio Ambiente,Meio Ambiente
Análise Combinatória e Probabilidade,Análise Combinatória e Probabilidade
Ligações Químicas,Ligações Químicas
Música e Dança,Interpretação
Doenças Genéticas e Síndromes,Genética
Geopolítica e Atualidades,Geopolítica e Atualidades
Funções,Funções
Análise Combinatória e Probabilidade,Análise Combinatória e Probabilidade
Espanhol,Espanhol
Literatura Medieval,Quinhentismo
Filosofia Contemporânea,Filosofia Contemporânea
Geometria Espacial e Sólidos,Geometria Plana
Modernismo,Linguagens Artísticas
"Razão, Proporção e Porcentagem","Razão, Proporção e Porcentagem"
Ecologia,Ecologia
Aritmética e Matemática Básica,Aritmética e Matemática Básica
Estequiometria e Cálculos,Estequiometria e Cálculos
Inglês,Inglês
Bioquímica,Bioquímica
Idade Moderna: Revoluções e Reforma,Idade Moderna: Revoluções e Reforma
Álgebra Linear e Matrizes,Álgebra Linear e Matrizes
Modernismo,Modernismo
Brasil República,Brasil República
Filosofia Temática,Cultura e Sociedade
Ligações Químicas,Química Orgânica
Trabalho e Sociedade,Brasil Império
Geografia Física,Geografia Física
Fundamentos da Sociologia,Idade Moderna: Revoluções e Reforma
Eletricidade,Eletricidade
Físico-Química,Físico-Química
Química Orgânica,Ligações Químicas
Bioquímica,Histologia
Geografia Física,Geografia Física
Fisiologia,Fisiologia
Brasil Colônia,Brasil Colônia
Análise Combinatória e Probabilidade,Aritmética e Matemática Básica
Brasil Colônia,Brasil Colônia
"Razão, Proporção e Porcentagem",Estatística e Interpretação de Gráficos
Guerras Mundiais,Guerra Fria e Globalização
Ligações Químicas,Ligações Químicas
Geometria Espacial e Sólidos,"Razão, Proporção e Porcentagem"
Geografia Ambiental,Meio Ambiente
Química Orgânica,Química Orgânica
Óptica,Óptica
Interpretação,Música e Dança
Modernismo,Modernismo
Filosofia Antiga,Filosofia Antiga
Química Inorgânica,Química Inorgânica
Filosofia Antiga,Filosofia Antiga
Hidrostática,Hidrostática
Guerra Fria e Globalização,Guerra Fria e Globalização
Ondulatória,Física Moderna
Botânica,Botânica
Música e Dança,Música e Dança
Doenças Genéticas e Síndromes,Citologia
Guerra Fria e Globalização,Guerra Fria e Globalização
"Razão, Proporção e Porcentagem",Aritmética e Matemática Básica
Ecologia,Genética
Brasil República,Brasil República
Guerra Fria e Globalização,Guerra Fria e Globalização
Interpretação,Interpretação
Literatura Africana,Literatura Africana
Zoologia,Protistas
Trigonometria,Geometria Plana
Colonização e Independência das Américas,Colonização e Independência das Américas
Eletricidade,Eletromagnetismo
Modernismo,Modernismo
Brasil Colônia,Brasil Colônia
Estilística,Gramática
Hidrostática,Hidrostática
Eletricidade,Eletricidade
Fisiologia,Citologia
Química Orgânica,Química Orgânica
Guerras Mundiais,Guerras Mundiais
Química Geral,Meio Ambiente
Sociolinguística,Interpretação
Físico-Química,Físico-Química
Brasil República,Brasil República
Ecologia,Ecologia
Citologia,Citologia
Literatura Contemporânea,Literatura Contemporânea
Brasil República,Brasil República
Ondulatória,Ondulatória
Fisiologia,Saúde Pública
Citologia,Citologia
Meio Ambiente,Meio Ambiente
Geometria Espacial e Sólidos,Hidrostática
América Latina Contemporânea,América Pré-Colombiana
Progressões e Sequências,Progressões e Sequências
Gravitação,Gravitação
Gravitação,Gravitação
Arte pelo Mundo,Arquitetura e Escultura
Zoologia,Análise Combinatória e Probabilidade
Química Inorgânica,Estequiometria e Cálculos
Revoluções Industriais,Revoluções Industriais
Radioatividade,Geografia Econômica
Histologia,Histologia
Música e Dança,Música e Dança
Química Inorgânica,Química Inorgânica
"Razão, Proporção e Porcentagem","Razão, Proporção e Porcentagem"
Geografia Ambiental,Geografia Ambiental
"Razão, Proporção e Porcentagem",Funções
Guerra Fria e Globalização,Guerra Fria e Globalização
Álgebra e Equações,Aritmética e Matemática Básica
Colonização e Independência das Américas,Colonização e Independência das Américas
"Razão, Proporção e Porcentagem",Eletricidade
Modernismo,Modernismo
Estatística e Interpretação de Gráficos,Funções
Geometria Plana,"Razão, Proporção e Porcentagem"
Bioquímica,Bioquímica
Físico-Química,Físico-Química
Físico-Química,Físico-Química
Zoologia,Fisiologia
Arte Moderna,Arte do Renascimento ao Romantismo
Eletricidade,Eletricidade
Química Orgânica,Histologia
Modernismo,Interpretação
Brasil Colônia,Brasil Império
Filosofia Temática,Grécia Antiga
Botânica,Ecologia
Evolução,Bioquímica
Ecologia,Evolução
Óptica,Óptica
Interpretação,Estilística
Zoologia,Zoologia
Botânica,Botânica
Filosofia Temática,Modernismo
Doenças Genéticas e Síndromes,Doenças Genéticas e Síndromes
Brasil Colônia,Brasil Colônia
Genética,Genética
Idade Média,Revoluções Industriais
Geometria Plana,Geometria Plana
Procariontes,Procariontes
Eletromagnetismo,Ondulatória
"Razão, Proporção e Porcentagem",Matemática Financeira
Doenças Genéticas e Síndromes,Doenças Genéticas e Síndromes
Idade Moderna: Revoluções e Reforma,Idade Moderna: Revoluções e Reforma
Química Orgânica,Química Orgânica
Cinemática,Cinemática
Eletricidade,Eletroquímica
Fisiologia,Fisiologia
"Razão, Proporção e Porcentagem",Funções
Eletromagnetismo,Eletromagnetismo
Química Orgânica,Química Orgânica
Filosofia Antiga,Filosofia Antiga
Brasil Império,Colonização e Independência das Américas
Dinâmica,Ondulatória
Análise Combinatória e Probabilidade,Análise Combinatória e Probabilidade
Genética,Genética
"Razão, Proporção e Porcentagem",Estatística e Interpretação de Gráficos
Barroco,Barroco
Guerras Mundiais,Guerras Mundiais
Brasil República,Brasil República
Análise Combinatória e Probabilidade,Análise Combinatória e Probabilidade
Química Geral,Estrutura Atômica
Geografia Física,Evolução
Evolução,Química Geral
Geometria Espacial e Sólidos,Geometria Espacial e Sólidos
Filosofia Moderna,Filosofia Moderna
Aritmética e Matemática Básica,Aritmética e Matemática Básica
Gravitação,Gravitação
Idade Moderna: Revoluções e Reforma,Idade Moderna: Revoluções e Reforma
Filosofia Antiga,Filosofia Antiga
Botânica,Botânica
Óptica,Óptica
Geometria Plana,Geometria Plana
Brasil Colônia,Brasil Colônia
Brasil República,Brasil República
Eletricidade,Eletricidade
Geometria Plana,Geometria Plana
Estilística,Estilística
Brasil Colônia,Brasil Colônia
Arte Moderna,Realismo e Naturalismo
Estatística e Interpretação de Gráficos,"Razão, Proporção e Porcentagem"
Meio Ambiente,Meio Ambiente
Zoologia,Viroses
Filosofia Temática,Filosofia Contemporânea
Óptica,Óptica
Idade Média,Idade Média
Álgebra e Equações,Aritmética e Matemática Básica
Idade Média,Idade Média
Dinâmica,Dinâmica
Botânica,Botânica
Aritmética e Matemática Básica,Álgebra e Equações
Guerra Fria e Globalização,Guerra Fria e Globalização
Química Orgânica,Química Orgânica
Embriologia,Embriologia
Brasil República,Brasil República
Geometria Analítica,Geometria Plana
Eletroquímica,Eletroquímica
"Razão, Proporção e Porcentagem","Razão, Proporção e Porcentagem"
Idade Antiga Oriental,Idade Antiga Oriental
Citologia,Citologia
Arte Contemporânea,Arte pelo Mundo
Físico-Química,Físico-Química
Inglês,Inglês
Filosofia Temática,Filosofia Moderna
Quinhentismo,Quinhentismo
Brasil Colônia,Brasil Colônia
Taxonomia,Procariontes
Sociolinguística,Sociolinguística
Eletromagnetismo,Eletromagnetismo
Arte Antiga e Média,Pré-História
Bioquímica,Ecologia
Álgebra e Equações,Álgebra e Equações
Parnasianismo e Simbolismo,Parnasianismo e Simbolismo
Realismo e Naturalismo,Realismo e Naturalismo
Doenças Genéticas e Síndromes,Doenças Genéticas e Síndromes
Brasil República,Brasil República
Gramática,Gramática
Trigonometria,Geometria Plana
Análise Combinatória e Probabilidade,Análise Combinatória e Probabilidade
Romantismo,Romantismo
Química Inorgânica,Eletroquímica
Citologia,Genética
Grécia Antiga,Grécia Antiga
Funções,Funções
Brasil Império,Brasil Império
Filosofia Moderna,Filosofia Moderna
Barroco,Barroco
Filosofia Temática,Filosofia Antiga
Estática,Estática
Estilística,Estilística
Fisiologia,Zoologia
Evolução,Fisiologia
Brasil Colônia,Brasil Colônia
Eletricidade,Eletricidade
Termologia,Termologia
Dinâmica,Cinemática
Gravitação,Dinâmica
Filosofia Moderna,Filosofia Moderna
Modernismo,Modernismo
Barroco,Barroco
Zoologia,Zoologia
Estilística,Estilística
Eletricidade,Eletricidade
Eletricidade,Eletricidade
Guerra Fria e Globalização,Guerra Fria e Globalização
Brasil Colônia,Brasil Colônia
Análise Combinatória e Probabilidade,Análise Combinatória e Probabilidade
Roma Antiga,Roma Antiga
Fundamentos da Sociologia,Filosofia Moderna
Ecologia,Ecologia
Físico-Química,Química Inorgânica
Histologia,Histologia
Óptica,Óptica
Genética,Genética
Óptica,Óptica
Histologia,Química Orgânica
Brasil República,Brasil República
Geopolítica e Atualidades,Geopolítica e Atualidades
Fisiologia,Botânica
Óptica,Geometria Plana
Brasil República,Brasil República
Trabalho e Sociedade,Filosofia Contemporânea
"Razão, Proporção e Porcentagem",Geometria Plana
Modernismo,Modernismo
Geografia Ambiental,Ecologia
Gravitação,Cinemática
Brasil República,Brasil República
Fisiologia,Bioquímica
Brasil República,Brasil República
Brasil Império,Brasil Império
Geografia Econômica,Regiões do Brasil
Gravitação,Gravitação
Modernismo,Modernismo
Citologia,Citologia
Arte pelo Mundo,Música e Dança
Meio Ambiente,Ecologia
Brasil República,Brasil República
Cinemática,Dinâmica
Modernismo,Modernismo
Doenças Genéticas e Síndromes,Doenças Genéticas e Síndromes
Protozooses,Saúde Pública
Filosofia Contemporânea,Filosofia Contemporânea
"Razão, Proporção e Porcentagem",Aritmética e Matemática Básica
Doenças Genéticas e Síndromes,Doenças Genéticas e Síndromes
Zoologia,Zoologia
Modernismo,Literatura Contemporânea
Guerra Fria e Globalização,Guerra Fria e Globalização
Ondulatória,Ondulatória
Protistas,Botânica
Geografia Urbana,Desigualdade e Exclusão Social
Química Orgânica,Química Orgânica
Dinâmica,Cinemática
Filosofia Temática,Interpretação
Química Inorgânica,Química Geral
Literatura Medieval,Quinhentismo
América Latina Contemporânea,Colonização e Independência das Américas
Físico-Química,Físico-Química
Eletroquímica,Eletroquímica
Cidadania e Política,Cidadania e Política
Brasil Império,Brasil Império
Filosofia Temática,Filosofia Antiga
Química Geral,Química Orgânica
Citologia,Protozooses
Arte do Renascimento ao Romantismo,Arte do Renascimento ao Romantismo
Guerras Mundiais,Guerras Mundiais
Química Inorgânica,Química Inorgânica
Estatística e Interpretação de Gráficos,Geometria Plana
Eletricidade,Eletricidade
Modernismo,Modernismo
Procariontes,Bioquímica
Álgebra Linear e Matrizes,"Razão, Proporção e Porcentagem"
Histologia,Histologia
Zoologia,Zoologia
Arte Contemporânea,Arquitetura e Escultura
Geografia Ambiental,Geografia Física
Geografia Ambiental,Geografia Ambiental
Zoologia,Evolução
Guerra Fria e Globalização,Guerra Fria e Globalização
Geometria Plana,Geometria Plana
Idade Média,Idade Média
Eletricidade,Termologia
Evolução,Evolução
Biotecnologia,Genética
Arcadismo,Idade Média
Cinemática,Fisiologia
Filosofia Contemporânea,Filosofia Temática
Biotecnologia,Doenças Genéticas e Síndromes
Sociolinguística,Interpretação
Radioatividade,Radioatividade
Brasil Colônia,Brasil Colônia
América Pré-Colombiana,América Pré-Colombiana
Arte Moderna,Arte Moderna
Modernismo,Modernismo
Interpretação,Filosofia Contemporânea
Ecologia,Ecologia
Botânica,Botânica
Revoluções Industriais,Revoluções Industriais
Filosofia Antiga,Filosofia Antiga
Modernismo,Arte pelo Mundo
Zoologia,Zoologia
Idade Média,Idade Média
Realismo e Naturalismo,Realismo e Naturalismo
"Razão, Proporção e Porcentagem","Razão, Proporção e Porcentagem"
Ligações Químicas,Meio Ambiente
Estilística,Estilística
Brasil República,Brasil República
Geometria Espacial e Sólidos,Geometria Espacial e Sólidos
Química Orgânica,Físico-Química
Química Geral,Gases
Ecologia,Geografia Física
Hidrostática,Hidrostática
Brasil República,Brasil República
Inglês,Inglês
Literatura Contemporânea,Estilística
Bioquímica,Genética
Geometria Plana,Geometria Plana
Cinemática,Cinemática
Sociolinguística,Estilística
Brasil República,Brasil República
Eletromagnetismo,Eletricidade
Romantismo,Realismo e Naturalismo
Química Orgânica,Química Orgânica
Óptica,Óptica
Álgebra Linear e Matrizes,Álgebra Linear e Matrizes
Química Geral,Química Geral
Química Inorgânica,Química Inorgânica
Filosofia Contemporânea,Filosofia Temática
Genética,Genética
Brasil Império,Brasil Império
Modernismo,Brasil República
Modernismo,Modernismo
Funções,Funções
Genética,Bioquímica
Pré-História,Pré-História
Química Inorgânica,Química Inorgânica
Hidrostática,Hidrostática
Pré-História,Pré-História
Arte Contemporânea,Arte Moderna
"Razão, Proporção e Porcentagem","Razão, Proporção e Porcentagem"
Ecologia,Meio Ambiente
"Razão, Proporção e Porcentagem","Razão, Proporção e Porcentagem"
Literatura Africana,Literatura Africana
Hidrostática,Hidrostática
Romantismo,Realismo e Naturalismo
Geometria Analítica,Geometria Plana
Quinhentismo,Quinhentismo
Eletroquímica,Eletroquímica
Cinemática,Cinemática
Análise Combinatória e Probabilidade,"Razão, Proporção e Porcentagem"
Funções,Funções
Álgebra e Equações,Funções
Termologia,Termologia
Geometria Analítica,Geometria Analítica
Óptica,Óptica
Fisiologia,Fisiologia
Doenças Genéticas e Síndromes,Genética
Físico-Química,Físico-Química
Filosofia Antiga,Idade Média
Físico-Química,Físico-Química
Álgebra e Equações,Álgebra e Equações
Filosofia Medieval,Filosofia Antiga
Brasil Colônia,Brasil Colônia
Brasil Colônia,Brasil Colônia
Geometria Plana,Geometria Plana
Físico-Química,Físico-Química
Fisiologia,Histologia
Idade Antiga Oriental,Idade Antiga Oriental
Ecologia,Meio Ambiente
Bioquímica,Bioquímica
Álgebra e Equações,Álgebra e Equações
Geometria Plana,Geometria Plana
Doenças Genéticas e Síndromes,Doenças Genéticas e Síndromes
Brasil Império,Brasil Império
População e Dinâmica Demográfica,População e Dinâmica Demográfica
Idade Moderna: Revoluções e Reforma,Idade Moderna: Revoluções e Reforma
Eletroquímica,Eletroquímica
Ondulatória,Ondulatória
Físico-Química,Físico-Química
Guerra Fria e Globalização,Guerra Fria e Globalização
Viroses,Viroses
Protozooses,Citologia
Físico-Química,Físico-Química
Eletroquímica,Eletroquímica
Fisiologia,Fisiologia
Óptica,Óptica
Fisiologia,Histologia
Geografia Ambiental,Geografia Física
Modernismo,Modernismo
Álgebra e Equações,Álgebra e Equações
Biotecnologia,Biotecnologia
Química Geral,Estrutura Atômica
Brasil Império,Brasil Império
Filosofia Temática,Filosofia Temática
Química Geral,Filosofia Antiga
Análise Combinatória e Probabilidade,Análise Combinatória e Probabilidade
Geografia Física,Cultura e Sociedade
Dinâmica,Dinâmica
Evolução,Evolução
Estrutura Atômica,Estrutura Atômica
Álgebra e Equações,Números Complexos
Físico-Química,Físico-Química
Álgebra e Equações,Matemática Financeira
Idade Antiga Oriental,Idade Antiga Oriental
Química Geral,Química Geral
Brasil República,Brasil República
Aritmética e Matemática Básica,Aritmética e Matemática Básica
Eletricidade,Eletricidade
Geografia Física,Geografia Física
Espanhol,Espanhol
"Razão, Proporção e Porcentagem","Razão, Proporção e Porcentagem"
Geometria Plana,Análise Combinatória e Probabilidade
Ondulatória,Ondulatória
Regiões do Brasil,Regiões do Brasil
Música e Dança,Música e Dança
Cinemática,Cinemática
Guerras Mundiais,Guerras Mundiais
Geometria Analítica,Geometria Plana
Guerras Mundiais,Cultura e Sociedade
Funções,Funções
Biotecnologia,Química Geral
Genética,Genética
Brasil República,Brasil República
Estequiometria e Cálculos,Termodinâmica
Gramática,Gramática
Análise Combinatória e Probabilidade,Análise Combinatória e Probabilidade
Embriologia,Embriologia
Brasil Colônia,Brasil Colônia
Química Orgânica,Química Orgânica
Geometria Espacial e Sólidos,Geometria Espacial e Sólidos
Interpretação,Música e Dança
Guerras Mundiais,Guerras Mundiais
Filosofia Antiga,Música e Dança
Zoologia,Evolução
Arte pelo Mundo,Arte Contemporânea
Óptica,Óptica
Físico-Química,Físico-Química
Colonização e Independência das Américas,Colonização e Independência das Américas
Quinhentismo,Quinhentismo
Século XIX: Nacionalismo e Imperialismo,Século XIX: Nacionalismo e Imperialismo
Gramática,Sociolinguística
Óptica,Óptica
Termologia,Geometria Espacial e Sólidos
Química Orgânica,Estequiometria e Cálculos
Arquitetura e Escultura,Arte pelo Mundo
Filosofia Temática,Filosofia Temática
Procariontes,Procariontes
Termologia,Termologia
Brasil Colônia,Brasil Colônia
Expansão Marítima e Formação dos Estados Nacionais,Idade Moderna: Revoluções e Reforma
Filosofia Antiga,Filosofia Antiga
Óptica,Óptica
Filosofia Medieval,Filosofia Medieval
Cinemática,Ondulatória
Geografia Urbana,Interpretação
Filosofia Moderna,Filosofia Moderna
Brasil Colônia,Brasil Colônia
Brasil República,Linguagens Artísticas
Meio Ambiente,Química Geral
Brasil Império,Brasil Império
Biotecnologia,Genética
Geopolítica e Atualidades,Geopolítica e Atualidades
Geografia Física,Geografia Física
Estática,Estática
Álgebra e Equações,Álgebra e Equações
Arte Contemporânea,Arte pelo Mundo
América Latina Contemporânea,América Latina Contemporânea
Guerras Mundiais,Guerras Mundiais
Arquitetura e Escultura,Arte Contemporânea
Filosofia Antiga,Filosofia Antiga
Geografia Urbana,Geografia Ambiental
Genética,Doenças Genéticas e Síndromes
Regiões do Brasil,Regiões do Brasil
Histologia,Histologia
Dinâmica,Dinâmica
Geografia Física,Geografia Física
Brasil Colônia,Brasil Colônia
Cinemática,Cinemática
Álgebra Linear e Matrizes,Álgebra Linear e Matrizes
Química Orgânica,Química Inorgânica
Química Inorgânica,Meio Ambiente
Viroses,Viroses
Ecologia,Ecologia
Aritmética e Matemática Básica,Análise Combinatória e Probabilidade
Filosofia Moderna,Idade Moderna: Revoluções e Reforma
Idade Moderna: Revoluções e Reforma,Expansão Marítima e Formação dos Estados Nacionais
Brasil Império,Brasil Império
Funções,"Razão, Proporção e Porcentagem"
Cinemática,Cinemática
Literatura Contemporânea,Realismo e Naturalismo
Histologia,Fungos
Análise Combinatória e Probabilidade,Ondulatória
Eletricidade,Eletricidade
Estatística e Interpretação de Gráficos,Estatística e Interpretação de Gráficos
Filosofia Antiga,Filosofia Antiga
Eletricidade,Eletricidade
Inglês,Inglês
Procariontes,Bacterioses
Morfologia,Sociolinguística
Idade Média,Idade Média
Virologia,Virologia
Filosofia Temática,Filosofia Moderna
Idade Antiga Oriental,Idade Antiga Oriental
Brasil República,Brasil República
Álgebra e Equações,Aritmética e Matemática Básica
Citologia,Embriologia
Brasil República,Brasil República
Histologia,Fisiologia
Estequiometria e Cálculos,Estequiometria e Cálculos
Geometria Espacial e Sólidos,Geometria Plana
Música e Dança,Música e Dança
Grécia Antiga,Grécia Antiga
Taxonomia,Taxonomia
Brasil República,Brasil República
Eletricidade,Eletricidade
Química Geral,Química Geral
Estatística e Interpretação de Gráficos,Estatística e Interpretação de Gráficos
Guerras Mundiais,Guerra Fria e Globalização
Meio Ambiente,Meio Ambiente
Eletromagnetismo,Eletromagnetismo
Físico-Química,Estequiometria e Cálculos
"Razão, Proporção e Porcentagem","Razão, Proporção e Porcentagem"
Filosofia Antiga,Filosofia Antiga
Funções,Funções
Botânica,Ecologia
Brasil República,Brasil República
Brasil Império,Brasil Império
Física Moderna,Física Moderna
Modernismo,Modernismo
Química Orgânica,Estequiometria e Cálculos
Zoologia,Fisiologia
Filosofia Temática,Filosofia Temática
Inglês,Inglês
Genética,Genética
Geometria Plana,Geometria Espacial e Sólidos
Estilística,Estilística
Literatura Contemporânea,Interpretação
Óptica,Óptica
Taxonomia,Evolução
Zoologia,Zoologia
Física Moderna,Física Moderna
Genética,Doenças Genéticas e Síndromes
Interpretação,Interpretação
Química Orgânica,Química Geral
Filosofia Moderna,Filosofia Moderna
Física Moderna,Ondulatória
Química Geral,Química Geral
Modernismo,Modernismo
Análise Combinatória e Probabilidade,Análise Combinatória e Probabilidade
Eletromagnetismo,Eletromagnetismo
Idade Antiga Oriental,Idade Antiga Oriental
Brasil Colônia,Brasil Colônia
Química Geral,Química Geral
Química Orgânica,Química Orgânica
Números Complexos,Números Complexos
"Razão, Proporção e Porcentagem","Razão, Proporção e Porcentagem"
Música e Dança,Arte Contemporânea
Século XIX: Nacionalismo e Imperialismo,Colonização e Independência das Américas
Brasil República,Brasil República
Realismo e Naturalismo,Realismo e Naturalismo
Cinemática,Cinemática
Sociolinguística,Sociolinguística
Análise Combinatória e Probabilidade,Análise Combinatória e Probabilidade
Histologia,Histologia
Geografia Física,Geografia Física
Ligações Químicas,Química Inorgânica
Virologia,Virologia
Arte Antiga e Média,Idade Moderna: Revoluções e Reforma
Progressões e Sequências,Funções
Ecologia,Ecologia
Funções,Termologia
Geometria Espacial e Sólidos,Geometria Espacial e Sólidos
Química Geral,Físico-Química
Análise Combinatória e Probabilidade,Análise Combinatória e Probabilidade
Bioquímica,Fisiologia
Viroses,Viroses
Brasil Colônia,Brasil Colônia
Geometria Plana,Geometria Plana
Arcadismo,Arcadismo
Ligações Químicas,Ligações Químicas
Roma Antiga,Roma Antiga
Arte Contemporânea,Arte Moderna
"Razão, Proporção e Porcentagem","Razão, Proporção e Porcentagem"
Cinemática,Cinemática
Citologia,Genética
Química Inorgânica,Química Inorgânica
Óptica,Óptica
Química Orgânica,Química Orgânica
Filosofia Moderna,Filosofia Moderna
Brasil Colônia,Brasil Colônia
Realismo e Naturalismo,Realismo e Naturalismo
Trabalho e Sociedade,Trabalho e Sociedade
Arte Moderna,Arte Contemporânea
Idade Média,Idade Média
Arte Moderna,Arte Moderna
Fisiologia,Fisiologia
Guerras Mundiais,Guerras Mundiais
Ecologia,Ecologia
Filosofia Moderna,Filosofia Contemporânea
Taxonomia,Taxonomia
Procariontes,Evolução
Teatro,Modernismo
Ecologia,Ecologia
Brasil Império,Brasil Império
Gramática,Gramática
Interpretação,Arte do Renascimento ao Romantismo
Termologia,Termologia
Brasil República,Brasil República
Funções,Funções
Geografia Ambiental,Geografia Física
Fundamentos da Sociologia,Fundamentos da Sociologia
Brasil Império,Brasil Império
América Latina Contemporânea,Colonização e Independência das Américas
Geografia Física,Geografia Ambiental
Citologia,Citologia
Cinemática,Cinemática
Geometria Plana,Geometria Plana
Brasil República,Guerras Mundiais
Idade Moderna: Revoluções e Reforma,Idade Moderna: Revoluções e Reforma
Química Orgânica,Química Orgânica
Arte pelo Mundo,Arte Contemporânea
Físico-Química,Química Geral
Embriologia,Embriologia
Geometria Espacial e Sólidos,Geometria Espacial e Sólidos
Geografia Física,Geografia Física
Modernismo,Modernismo
Espanhol,Espanhol
Guerras Mundiais,População e Dinâmica Demográfica
Óptica,Óptica
"Razão, Proporção e Porcentagem",Estatística e Interpretação de Gráficos
Evolução,Evolução
Química Orgânica,Química Orgânica
Óptica,Óptica
Meio Ambiente,Meio Ambiente
Cinemática,Cinemática
Bioquímica,Sintaxe
População e Dinâmica Demográfica,População e Dinâmica Demográfica
Estatística e Interpretação de Gráficos,Estatística e Interpretação de Gráficos
Progressões e Sequências,Progressões e Sequências
Regiões do Brasil,Brasil República
Brasil República,Brasil República
Romantismo,Romantismo
Música e Dança,Idade Moderna: Revoluções e Reforma
Ecologia,Ecologia
Filosofia Antiga,Filosofia Antiga
América Pré-Colombiana,América Pré-Colombiana
Análise Combinatória e Probabilidade,Análise Combinatória e Probabilidade
Termologia,Termologia
Brasil Império,Brasil Império
Ecologia,Ecologia
Geometria Espacial e Sólidos,Geometria Espacial e Sólidos
Brasil Império,Brasil Império
Linguagens Artísticas,Arte pelo Mundo
Viroses,Viroses
Eletricidade,Eletricidade
Interpretação,Sociolinguística
Dinâmica,Dinâmica
Protistas,Protistas
Gases,Gases
Modernismo,Modernismo
Brasil Colônia,Idade Moderna: Revoluções e Reforma
Termologia,Termologia
Estatística e Interpretação de Gráficos,Estatística e Interpretação de Gráficos
Sintaxe,Sintaxe
Filosofia Temática,Filosofia Temática
Ecologia,Botânica
Brasil Império,Brasil Império
Reinos e Impérios Africanos,Reinos e Impérios Africanos
Brasil Colônia,Brasil Colônia
Estatística e Interpretação de Gráficos,Estatística e Interpretação de Gráficos
Parnasianismo e Simbolismo,Parnasianismo e Simbolismo
Hidrostática,Hidrostática
Brasil Império,Brasil Império
Botânica,Botânica
"Razão, Proporção e Porcentagem","Razão, Proporção e Porcentagem"
Idade Média,Arte do Renascimento ao Romantismo
Química Orgânica,Química Orgânica
América Latina Contemporânea,América Latina Contemporânea
Modernismo,Modernismo
Geometria Espacial e Sólidos,Geometria Espacial e Sólidos
Cartografia,Cartografia
Modernismo,Modernismo
Dinâmica,Estática
Fisiologia,Viroses
Geografia Ambiental,Brasil Império
Sociolinguística,Interpretação
Brasil Império,Brasil Império
Bioquímica,Bioquímica
Genética,Biotecnologia
Eletromagnetismo,Eletromagnetismo
Cinemática,Geometria Plana
Arte Antiga e Média,Idade Antiga Oriental
Geometria Plana,Geometria Plana
Gases,Termologia
Geometria Espacial e Sólidos,Geometria Espacial e Sólidos
Aritmética e Matemática Básica,Cartografia
Estatística e Interpretação de Gráficos,Estatística e Interpretação de Gráficos
Sociolinguística,Interpretação
Realismo e Naturalismo,Realismo e Naturalismo
Termodinâmica,Termologia
Cultura e Sociedade,Interpretação
Óptica,Óptica
Brasil República,Brasil República
Brasil Colônia,Brasil Colônia
Trigonometria,Trigonometria
Filosofia Contemporânea,Filosofia Temática
Brasil Império,Brasil Império
Zoologia,Zoologia
Brasil Colônia,Brasil Colônia
Eletricidade,Eletricidade
Literatura Africana,Literatura Africana
Progressões e Sequências,Progressões e Sequências
Zoologia,Zoologia
Interpretação,Teatro
Formação dos EUA e Imperialismo,Formação dos EUA e Imperialismo
Hidrostática,Hidrostática
Expansão Marítima e Formação dos Estados Nacionais,Idade Moderna: Revoluções e Reforma
Pré-História,Idade Antiga Oriental
Óptica,Óptica
Genética,Doenças Genéticas e Síndromes
Análise Combinatória e Probabilidade,Análise Combinatória e Probabilidade
Arte pelo Mundo,Arte Contemporânea
Cidadania e Política,Cidadania e Política
Brasil Império,Brasil Império
Brasil República,Brasil República
Literatura Medieval,Literatura Medieval
Análise Combinatória e Probabilidade,Análise Combinatória e Probabilidade
Físico-Química,Físico-Química
Trabalho e Sociedade,Trabalho e Sociedade
Brasil Colônia,Brasil Colônia
Geometria Plana,Geometria Plana
Brasil República,Brasil República
Geometria Espacial e Sólidos,Geometria Espacial e Sólidos
Brasil Império,Brasil Império
Arte Contemporânea,Arte do Renascimento ao Romantismo
Química Inorgânica,Química Inorgânica
Aritmética e Matemática Básica,Álgebra e Equações
Estatística e Interpretação de Gráficos,Estatística e Interpretação de Gráficos
Cidadania e Política,Cultura e Sociedade
Zoologia,Zoologia
Romantismo,Romantismo
Brasil Império,Brasil República
Físico-Química,Físico-Química
Estatística e Interpretação de Gráficos,Estatística e Interpretação de Gráficos
Grandezas e Unidades,Grandezas e Unidades
Gases,Termologia
Geografia Física,Geografia Física
Ecologia,Ecologia
Estilística,Interpretação
Inglês,Inglês
Matemática Financeira,Matemática Financeira
Idade Média,Idade Média
Doenças Genéticas e Síndromes,Doenças Genéticas e Síndromes
Geometria Analítica,Geometria Analítica
Matemática Financeira,"Razão, Proporção e Porcentagem"
Realismo e Naturalismo,Realismo e Naturalismo
Evolução,Evolução
Brasil Império,Brasil Império
Música e Dança,Música e Dança
Biotecnologia,Biotecnologia
Reinos e Impérios Africanos,Reinos e Impérios Africanos
Arte Antiga e Média,Arquitetura e Escultura
Físico-Química,Química Inorgânica
Brasil República,Brasil República
Ecologia,Ecologia
Brasil Colônia,Brasil Colônia
Brasil Colônia,Brasil Colônia
Guerra Fria e Globalização,Guerra Fria e Globalização
Estequiometria e Cálculos,Química Geral
Filosofia Medieval,Idade Média
Ondulatória,Ondulatória
Modernismo,Parnasianismo e Simbolismo
Fisiologia,Bacterioses
Geometria Espacial e Sólidos,Geometria Espacial e Sólidos
Arte Moderna,Arte Moderna
"Razão, Proporção e Porcentagem",Aritmética e Matemática Básica
Funções,Funções
Formação dos EUA e Imperialismo,América Latina Contemporânea
Trigonometria,Trigonometria
Doenças Genéticas e Síndromes,Biotecnologia
Genética,Genética
Filosofia Moderna,Filosofia Moderna
Funções,Estatística e Interpretação de Gráficos
Idade Média,Reinos e Impérios Africanos
Procariontes,Análise Combinatória e Probabilidade
Cultura e Sociedade,Interpretação
Cinemática,Cinemática
Óptica,Óptica
Bioquímica,Histologia
Progressões e Sequências,Progressões e Sequências
Química Geral,Química Geral
Parnasianismo e Simbolismo,Parnasianismo e Simbolismo
América Pré-Colombiana,América Pré-Colombiana
Geografia Física,Cartografia
Dinâmica,Dinâmica
Termologia,Termologia
Botânica,Botânica
Estrutura Atômica,Estrutura Atômica
Linguagens Artísticas,Arte do Renascimento ao Romantismo
Arte Moderna,Arte Moderna
Desigualdade e Exclusão Social,Fundamentos da Sociologia
Aritmética e Matemática Básica,Aritmética e Matemática Básica
Interpretação,Educação Física
Século XIX: Nacionalismo e Imperialismo,Expansão Marítima e Formação dos Estados Nacionais
Ecologia,Ecologia
Ligações Químicas,Ligações Químicas
Fisiologia,Fisiologia
Álgebra e Equações,Álgebra e Equações
Grandezas e Unidades,Física Moderna
América Latina Contemporânea,Idade Moderna: Revoluções e Reforma
Zoologia,Zoologia
Estrutura Atômica,Estrutura Atômica
Matemática Financeira,Matemática Financeira
Idade Média,Idade Média
Química Geral,Meio Ambiente
Trigonometria,Funções
Genética,Genética
Revoluções Industriais,Revoluções Industriais
Interpretação,Sociolinguística
Trabalho e Sociedade,Cidadania e Política
"Razão, Proporção e Porcentagem",Geometria Plana
Meio Ambiente,Química Inorgânica
Regiões do Brasil,Regiões do Brasil
Brasil Colônia,Brasil Colônia
Filosofia Contemporânea,Filosofia Contemporânea
Álgebra e Equações,Progressões e Sequências
Geometria Analítica,Geometria Analítica
Fisiologia,Fisiologia
Sociolinguística,Idade Antiga Oriental
Filosofia Contemporânea,Filosofia Contemporânea
Citologia,Citologia
Geometria Espacial e Sólidos,Geometria Espacial e Sólidos
Espanhol,Espanhol
Educação Física,Educação Física
Embriologia,Embriologia
Cartografia,Cartografia
Espanhol,Espanhol
Geografia Física,Ecologia
Geometria Espacial e Sólidos,Geometria Plana
Evolução,Evolução
Doenças Genéticas e Síndromes,Doenças Genéticas e Síndromes
Brasil Império,Brasil Império
Cidadania e Política,Filosofia Moderna
Botânica,Botânica
Estrutura Atômica,Estrutura Atômica
Termologia,Termologia
Meio Ambiente,Meio Ambiente
Sintaxe,Sintaxe
Citologia,Citologia
Óptica,Óptica
Ondulatória,Ondulatória
Filosofia Moderna,Filosofia Moderna
Filosofia Moderna,Colonização e Independência das Américas
Aritmética e Matemática Básica,Aritmética e Matemática Básica
Óptica,Óptica
Modernismo,Modernismo
Espanhol,Espanhol
Brasil Colônia,Brasil Império
Genética,Genética
Gramática,Modernismo
Álgebra Linear e Matrizes,Gramática
Arte Moderna,Brasil Colônia
Ecologia,Botânica
Brasil Império,Brasil Império
Brasil Império,Brasil Colônia
Modernismo,Estilística
Arte Contemporânea,Arte do Renascimento ao Romantismo
Termologia,Termologia
Dinâmica,Dinâmica
Química Orgânica,Química Orgânica
Análise Combinatória e Probabilidade,Aritmética e Matemática Básica
Termologia,Termodinâmica
Brasil República,Brasil República
Geometria Espacial e Sólidos,Geometria Espacial e Sólidos
Pré-História,Pré-História
Zoologia,Zoologia
Protistas,Protistas
Filosofia Antiga,Filosofia Antiga
Citologia,Citologia
Brasil República,Brasil República
Trigonometria,Trigonometria
Interpretação,Interpretação
Ondulatória,Ondulatória
Estatística e Interpretação de Gráficos,"Razão, Proporção e Porcentagem"
Termologia,Termologia
Álgebra e Equações,Álgebra e Equações
Genética,Genética
Química Orgânica,Química Orgânica
Progressões e Sequências,Óptica
Música e Dança,Educação Física
Estequiometria e Cálculos,Estequiometria e Cálculos
Físico-Química,Físico-Química
Brasil Colônia,Brasil Império
Embriologia,Embriologia
Química Orgânica,Bioquímica
Fisiologia,Botânica
Inglês,Música e Dança
Embriologia,Embriologia
Ondulatória,Ondulatória
Brasil República,América Latina Contemporânea
"Razão, Proporção e Porcentagem","Razão, Proporção e Porcentagem"
Gravitação,Gravitação
Brasil Império,Brasil Império
Trigonometria,Geometria Plana
Álgebra Linear e Matrizes,Álgebra Linear e Matrizes
Físico-Química,Química Inorgânica
Genética,Doenças Genéticas e Síndromes
Aritmética e Matemática Básica,Álgebra e Equações
Álgebra e Equações,Álgebra e Equações
Fisiologia,Citologia
Colonização e Independência das Américas,Colonização e Independência das Américas
Termologia,Gases
Filosofia Temática,Filosofia Contemporânea
Revoluções Industriais,Revoluções Industriais
Brasil Colônia,Brasil Colônia
Quinhentismo,Quinhentismo
Brasil Colônia,Brasil Colônia
Dinâmica,Dinâmica
Progressões e Sequências,Progressões e Sequências
Idade Média,Idade Média
Cidadania e Política,Interpretação
Brasil Império,Brasil Império
Análise Combinatória e Probabilidade,Análise Combinatória e Probabilidade
Genética,Genética
Ondulatória,Ondulatória
Aritmética e Matemática Básica,Aritmética e Matemática Básica
Filosofia Temática,Filosofia Temática
Ecologia,Ecologia
Ondulatória,Ondulatória
Regiões do Brasil,Regiões do Brasil
Guerras Mundiais,Guerras Mundiais
Inglês,Inglês
Cinemática,Cinemática
Gases,Gases
Fisiologia,Fisiologia
Modernismo,Modernismo
Físico-Química,Físico-Química
Progressões e Sequências,Progressões e Sequências
Aritmética e Matemática Básica,Aritmética e Matemática Básica
Botânica,Botânica
Genética,Doenças Genéticas e Síndromes
Físico-Química,Físico-Química
Brasil Império,Brasil República
Físico-Química,Físico-Química
Cinemática,Cinemática
Zoologia,Zoologia
Doenças Genéticas e Síndromes,Doenças Genéticas e Síndromes
Interpretação,Educação Física
Brasil Império,Brasil Império
População e Dinâmica Demográfica,População e Dinâmica Demográfica
Geometria Plana,Geometria Plana
Morfologia,Aritmética e Matemática Básica
Genética,Genética
Radioatividade,Radioatividade
Radioatividade,Radioatividade
Embriologia,Embriologia
Química Orgânica,Química Orgânica
Brasil Colônia,Brasil República
Zoologia,Ecologia
Filosofia Moderna,Filosofia Moderna
Radioatividade,Radioatividade
Físico-Química,Físico-Química
Brasil Império,Brasil República
Filosofia Antiga,Filosofia Temática
Progressões e Sequências,Progressões e Sequências
Brasil Império,Brasil Império
Estatística e Interpretação de Gráficos,Estatística e Interpretação de Gráficos
Geografia Física,Geografia Física
Álgebra e Equações,Álgebra e Equações
Estequiometria e Cálculos,Química Geral
Zoologia,Zoologia
Genética,Genética
Modernismo,Modernismo
Dinâmica,Gravitação
Álgebra e Equações,Aritmética e Matemática Básica
Século XIX: Nacionalismo e Imperialismo,Século XIX: Nacionalismo e Imperialismo
Protozooses,Protistas
Filosofia Temática,Filosofia Temática
Filosofia Antiga,Filosofia Antiga
Brasil Império,Brasil Império
Idade Média,Idade Média
Brasil Colônia,Brasil Colônia
Geometria Plana,Geometria Plana
Álgebra e Equações,Álgebra e Equações
Química Orgânica,Química Orgânica
Análise Combinatória e Probabilidade,Análise Combinatória e Probabilidade
Brasil República,Brasil República
Brasil Império,Brasil Império
Álgebra e Equações,Álgebra e Equações
Química Inorgânica,Química Inorgânica
América Latina Contemporânea,Colonização e Independência das Américas
Inglês,Inglês
"Razão, Proporção e Porcentagem","Razão, Proporção e Porcentagem"
Brasil Império,Brasil Império
Genética,Genética
Ecologia,Ecologia
Guerras Mundiais,Guerras Mundiais
Música e Dança,Música e Dança
Arquitetura e Escultura,Arquitetura e Escultura
Aritmética e Matemática Básica,Geometria Plana
Protozooses,Zoologia
Filosofia Moderna,Filosofia Moderna
Educação Física,Educação Física
Viroses,Biotecnologia
Citologia,Citologia
Roma Antiga,Roma Antiga
Zoologia,Zoologia
Guerras Mundiais,Século XIX: Nacionalismo e Imperialismo
Estequiometria e Cálculos,Química Geral
Brasil Império,Brasil Império
Brasil Colônia,Brasil Colônia
Brasil Colônia,Brasil Colônia
Ecologia,Ecologia
Desigualdade e Exclusão Social,Desigualdade e Exclusão Social
Botânica,Botânica
Brasil República,Brasil República
Aritmética e Matemática Básica,Álgebra e Equações
Brasil Colônia,Brasil República
Filosofia Moderna,Filosofia Moderna
Físico-Química,Química Inorgânica
Realismo e Naturalismo,Realismo e Naturalismo
Brasil República,Brasil República
América Latina Contemporânea,América Latina Contemporânea
Geometria Plana,Geometria Plana
Pré-História,Pré-História
Fisiologia,Fisiologia
Estequiometria e Cálculos,Físico-Química
Desigualdade e Exclusão Social,Desigualdade e Exclusão Social
Geografia Física,Geografia Ambiental
Gramática,Estilística
Eletroquímica,Eletroquímica
Ecologia,Zoologia
Botânica,Fisiologia
América Pré-Colombiana,América Pré-Colombiana
Citologia,Citologia
Análise Combinatória e Probabilidade,Análise Combinatória e Probabilidade
Análise Combinatória e Probabilidade,Análise Combinatória e Probabilidade
Sintaxe,Sintaxe
Embriologia,Fisiologia
Brasil Colônia,Brasil Colônia
Brasil República,Brasil República
Química Orgânica,Química Orgânica
Desigualdade e Exclusão Social,Brasil Império
Bioquímica,Genética
Grécia Antiga,Arte Antiga e Média
Ondulatória,Ondulatória
Arte Antiga e Média,Linguagens Artísticas
Bioquímica,Citologia
Romantismo,Romantismo
Geografia Urbana,Trabalho e Sociedade
Geometria Plana,Geometria Plana
Genética,Doenças Genéticas e Síndromes
Cinemática,Cinemática
Progressões e Sequências,Progressões e Sequências
Química Orgânica,Bioquímica
Geografia Ambiental,Geografia Ambiental
Guerras Mundiais,Guerras Mundiais
Genética,Biotecnologia
Geometria Espacial e Sólidos,Geometria Espacial e Sólidos
Geometria Analítica,Geometria Analítica
Química Orgânica,Química Orgânica
Bioquímica,"Razão, Proporção e Porcentagem"
Brasil República,Brasil República
Dinâmica,Estática
Interpretação,Interpretação
Brasil Colônia,Brasil Colônia
Estilística,Estilística
Química Orgânica,Química Orgânica
Geografia Física,Geografia Física
Zoologia,Zoologia
Química Orgânica,Química Orgânica
Teatro,Teatro
Cinemática,Cinemática
Filosofia Antiga,Filosofia Temática
Guerra Fria e Globalização,Guerra Fria e Globalização
Óptica,Óptica
Arte Moderna,Arte Moderna
Arte pelo Mundo,Sociolinguística
Geometria Analítica,Geometria Analítica
Química Inorgânica,Química Inorgânica
Idade Média,Idade Média
Citologia,Doenças Genéticas e Síndromes
Modernismo,Realismo e Naturalismo
Ondulatória,Ondulatória
Aritmética e Matemática Básica,"Razão, Proporção e Porcentagem"
Termologia,Termologia
Brasil Colônia,Brasil Colônia
Aritmética e Matemática Básica,"Razão, Proporção e Porcentagem"
Eletroquímica,Eletroquímica
Música e Dança,Realismo e Naturalismo
Cinemática,Óptica
Brasil Império,Brasil Império
Modernismo,Realismo e Naturalismo
Brasil Império,Brasil Império
Brasil Colônia,Brasil Colônia
América Latina Contemporânea,América Pré-Colombiana
Filosofia Contemporânea,Filosofia Contemporânea
Zoologia,Zoologia
Química Geral,Química Geral
Brasil Colônia,Brasil Colônia
Eletromagnetismo,Ondulatória
Citologia,Citologia
Brasil República,Brasil República
Genética,Genética
Físico-Química,Físico-Química
Idade Média,Idade Média
População e Dinâmica Demográfica,População e Dinâmica Demográfica
Histologia,Histologia
Século XIX: Nacionalismo e Imperialismo,Guerra Fria e Globalização
Brasil República,Brasil República
Interpretação,Interpretação
Zoologia,Zoologia
Filosofia Moderna,Filosofia Moderna
Ligações Químicas,Química Geral
Química Geral,Física Moderna
Genética,Genética
Modernismo,Modernismo
Cinemática,Cinemática
Fundamentos da Sociologia,Fundamentos da Sociologia
Gases,Gases
Geometria Plana,Geometria Plana
Arte Moderna,Arte Moderna
Bioquímica,Virologia
Guerra Fria e Globalização,Guerra Fria e Globalização
Fisiologia,Fisiologia
Química Geral,Hidrostática
Filosofia Antiga,Filosofia Antiga
Filosofia Moderna,Filosofia Moderna
Análise Combinatória e Probabilidade,Análise Combinatória e Probabilidade
Quinhentismo,Quinhentismo
Brasil Colônia,Brasil Colônia
Eletricidade,Eletricidade
Brasil Império,Brasil Império
Brasil Império,Viroses
Modernismo,Modernismo
Genética,Genética
Eletricidade,"Razão, Proporção e Porcentagem"
Quinhentismo,Quinhentismo
Idade Moderna: Revoluções e Reforma,Filosofia Moderna
Arcadismo,Arcadismo
Físico-Química,Estequiometria e Cálculos
Radioatividade,Ecologia
Idade Média,Idade Média
Química Inorgânica,Química Inorgânica
Arte do Renascimento ao Romantismo,Arte pelo Mundo
Pré-História,Arte Antiga e Média
Ecologia,Ecologia
América Latina Contemporânea,Espanhol
Procariontes,Saúde Pública
Brasil República,Brasil República
Físico-Química,Estequiometria e Cálculos
Físico-Química,Química Inorgânica
Filosofia Antiga,Filosofia Antiga
Doenças Genéticas e Síndromes,Doenças Genéticas e Síndromes
Óptica,Ondulatória
Brasil Colônia,Brasil Colônia
Álgebra e Equações,Álgebra e Equações
Botânica,Ecologia
Álgebra e Equações,Álgebra e Equações
Brasil Colônia,Brasil Império
Ecologia,Ecologia
Doenças Genéticas e Síndromes,Doenças Genéticas e Síndromes
Química Orgânica,Bioquímica
Trigonometria,Trigonometria
Bacterioses,Bacterioses
Expansão Marítima e Formação dos Estados Nacionais,Idade Média
Música e Dança,Música e Dança
Bacterioses,Procariontes
Quinhentismo,Arte do Renascimento ao Romantismo
Eletricidade,Eletricidade
Brasil Império,Brasil Império
Eletricidade,Eletricidade
Virologia,Citologia
Brasil Império,Brasil Colônia
Termologia,Termologia
Brasil República,Brasil República
América Latina Contemporânea,América Pré-Colombiana
Interpretação,Interpretação
Brasil República,Brasil República
Química Orgânica,Química Orgânica
Fundamentos da Sociologia,Evolução
Eletricidade,Eletricidade
Ligações Químicas,Ligações Químicas
Barroco,Quinhentismo
Brasil República,Brasil República
Álgebra e Equações,Álgebra e Equações
América Pré-Colombiana,América Pré-Colombiana
Cinemática,Cinemática
Brasil Colônia,Brasil Colônia
Inglês,Inglês
Doenças Genéticas e Síndromes,Doenças Genéticas e Síndromes
Zoologia,Zoologia
Guerra Fria e Globalização,Guerra Fria e Globalização
Meio Ambiente,Físico-Química
Química Orgânica,Química Orgânica
Brasil Império,Brasil Colônia
Brasil Colônia,Brasil Colônia
Genética,Genética
Fisiologia,Zoologia
"Razão, Proporção e Porcentagem","Razão, Proporção e Porcentagem"
Eletricidade,Eletricidade
Interpretação,Interpretação
Citologia,Citologia
Eletricidade,Eletricidade
Literatura Contemporânea,Literatura Contemporânea
Eletroquímica,Eletroquímica
Estrutura Atômica,Estrutura Atômica
Termologia,Termologia
Hidrostática,Hidrostática
Funções,Álgebra e Equações
Filosofia Moderna,Filosofia Moderna
Roma Antiga,Roma Antiga
Cartografia,Cartografia
Brasil Colônia,Brasil Colônia
Gramática,Gramática
Música e Dança,Linguagens Artísticas
Botânica,Botânica
Morfologia,Morfologia
Aritmética e Matemática Básica,Aritmética e Matemática Básica
Estatística e Interpretação de Gráficos,"Razão, Proporção e Porcentagem"
Funções,Funções
Taxonomia,Evolução
Geografia Urbana,Cultura e Sociedade
"Razão, Proporção e Porcentagem","Razão, Proporção e Porcentagem"
Brasil República,Brasil República
Guerras Mundiais,Brasil República
Brasil República,Brasil República
Brasil República,Brasil República
Aritmética e Matemática Básica,Álgebra e Equações
Arte Moderna,Arte Moderna
Histologia,Histologia
Bioquímica,Bioquímica
Geometria Analítica,Geometria Analítica
Ecologia,Ecologia
Idade Média,Idade Média
Arte Moderna,Arte Moderna
Cinemática,Cinemática
Modernismo,Modernismo
Ecologia,Ecologia
Brasil Colônia,Brasil Colônia
Filosofia Moderna,Filosofia Temática
Literatura Contemporânea,Modernismo
Interpretação,Interpretação
Colonização e Independência das Américas,Colonização e Independência das Américas
Brasil República,Brasil República
Química Inorgânica,Fisiologia
Ondulatória,Óptica
Brasil Império,Brasil Império
Álgebra e Equações,Álgebra e Equações
Zoologia,Zoologia
Guerra Fria e Globalização,Guerra Fria e Globalização
Literatura Medieval,Literatura Medieval
Idade Média,América Pré-Colombiana
Século XIX: Nacionalismo e Imperialismo,Guerra Fria e Globalização
Química Inorgânica,Química Inorgânica
"Razão, Proporção e Porcentagem",Matemática Financeira
Geografia Econômica,Ecologia
Modernismo,Modernismo
Bioquímica,Bioquímica
Química Orgânica,Química Orgânica
Meio Ambiente,Meio Ambiente
Geometria Plana,Geometria Plana
Gravitação,Gravitação
Geometria Plana,Geometria Plana
Análise Combinatória e Probabilidade,Aritmética e Matemática Básica
Brasil Império,Brasil Império
Grandezas e Unidades,Aritmética e Matemática Básica
Modernismo,Literatura Medieval
Guerra Fria e Globalização,Idade Média
Ecologia,Ecologia
Arte do Renascimento ao Romantismo,Arte do Renascimento ao Romantismo
Botânica,Botânica
Brasil Colônia,Colonização e Independência das Américas
Geometria Plana,Geometria Analítica
Brasil República,Brasil República
Viroses,Viroses
Progressões e Sequências,Aritmética e Matemática Básica
Brasil Colônia,Brasil Colônia
Geografia Urbana,Geografia Urbana
Termologia,Química Geral
Filosofia Moderna,Filosofia Moderna
Geografia Econômica,Geografia Econômica
Cinemática,Cinemática
Cultura e Sociedade,Geografia Econômica
Química Geral,Química Orgânica
Guerras Mundiais,Guerras Mundiais
Ondulatória,Ondulatória
Guerra Fria e Globalização,Guerra Fria e Globalização
Zoologia,Zoologia
Arte Moderna,Arte Contemporânea
Estilística,Estilística
Estilística,Brasil República
Espanhol,Espanhol
Modernismo,Romantismo
Trabalho e Sociedade,Trabalho e Sociedade
Geografia Física,Geografia Física
Sociolinguística,Sociolinguística
Dinâmica,Dinâmica
Química Orgânica,Química Orgânica
Idade Média,Idade Média
Modernismo,Modernismo
Brasil República,Brasil República
Análise Combinatória e Probabilidade,Análise Combinatória e Probabilidade
Álgebra e Equações,Álgebra e Equações
Literatura Medieval,Literatura Medieval
Química Geral,Termologia
Filosofia Temática,Filosofia Antiga
Morfologia,Gramática
Doenças Genéticas e Síndromes,Histologia
Regiões do Brasil,Geografia Urbana
Brasil Império,Brasil Império
Filosofia Temática,Filosofia Moderna
Ecologia,Ecologia
Brasil Império,Brasil Império
Guerras Mundiais,Brasil República
Colonização e Independência das Américas,Colonização e Independência das Américas
Arte Moderna,Arte Moderna
"Razão, Proporção e Porcentagem","Razão, Proporção e Porcentagem"
Geometria Plana,Geometria Plana
Literatura Medieval,Literatura Medieval
Brasil Colônia,Brasil Colônia
Bacterioses,Bacterioses
Interpretação,Interpretação
Brasil Império,Arte do Renascimento ao Romantismo
Guerra Fria e Globalização,Guerra Fria e Globalização
Filosofia Antiga,Filosofia Temática
Geometria Espacial e Sólidos,Geometria Espacial e Sólidos
Análise Combinatória e Probabilidade,Análise Combinatória e Probabilidade
Filosofia Contemporânea,Filosofia Contemporânea
Álgebra e Equações,Álgebra e Equações
Brasil Império,Brasil Império
Geometria Plana,Geometria Espacial e Sólidos
População e Dinâmica Demográfica,Geografia Ambiental
Idade Média,Idade Média
Progressões e Sequências,Estatística e Interpretação de Gráficos
Fisiologia,Viroses
Interpretação,Sociolinguística
Termodinâmica,Termodinâmica
Fisiologia,Óptica
Filosofia Antiga,Filosofia Antiga
Doenças Genéticas e Síndromes,Doenças Genéticas e Síndromes
"Razão, Proporção e Porcentagem",Aritmética e Matemática Básica
Citologia,Citologia
Literatura Contemporânea,Modernismo
Álgebra e Equações,Álgebra e Equações
Realismo e Naturalismo,Realismo e Naturalismo
América Latina Contemporânea,América Latina Contemporânea
Estatística e Interpretação de Gráficos,Termologia
